State,District,Market,Commodity,Variety,Grade,Arrival_Date,Min_x0020_Price,Max_x0020_Price,Modal_x0020_Price
Andhra Pradesh,Sri Sathya Sai,Gorantla  APMC,Maize,Hybrid/Local,FAQ,25/05/2023,2100.0,2400.0,2200.0
Andhra Pradesh,Prakasam,Maddipadu APMC,Paddy(Common),B P T,FAQ,29/05/2025,2800.0,2800.0,2800.0
Keralam,Kozhikode(Calicut),Perambra Market,Cauliflower,Cauliflower,FAQ,21/02/2025,4000.0,5000.0,4500.0
Keralam,Kozhikode(Calicut),Perambra Market,Onion,Other,FAQ,22/07/2025,5000.0,5200.0,5000.0
Andhra Pradesh,Annamayya,Somala APMC,Tomato,Tomato,FAQ,29/08/2023,800.0,1200.0,1000.0
Keralam,Kannur,Thalasserry Market,Banana,Other,Large,20/04/2023,6200.0,7300.0,6700.0
Keralam,Kannur,Thalasserry Market,Bhindi(Ladies Finger),Other,FAQ,01/10/2025,4500.0,5600.0,5000.0
Haryana,Sonipat,Ganaur APMC,Cauliflower,Other,Medium,06/08/2025,6000.0,8000.0,7000.0
Haryana,Sonipat,Ganaur APMC,Brinjal,Brinjal,Medium,07/09/2024,3000.0,4000.0,3500.0
Keralam,Kollam,Anchal Market,Brinjal,Brinjal,Local,24/09/2024,4700.0,4700.0,4700.0
Keralam,Kollam,Anchal Market,Onion,Big,Local,05/05/2023,3700.0,3700.0,3700.0
Rajasthan,Jalore,Jalore APMC,Cabbage,Cabbage,Local,25/09/2025,1500.0,2000.0,1800.0
Keralam,Kottayam,Kottayam Market,Bengal Gram(Gram)(Whole),Bengal Gram (Split),FAQ,21/03/2024,7000.0,8000.0,7500.0
Odisha,Bolangir,Kantabaji APMC,Tomato,Other,Grade B,03/03/2024,3000.0,4000.0,3500.0
Keralam,Kottayam,Thalayolaparambu Market,Banana,Banana - Ripe,Medium,01/06/2023,6800.0,7200.0,7000.0
Keralam,Kottayam,Thalayolaparambu Market,Banana - Green,Banana - Green,FAQ,21/10/2023,3600.0,4000.0,3800.0
Keralam,Kottayam,Thalayolaparambu Market,Brinjal,Brinjal,FAQ,09/01/2024,5800.0,6200.0,6000.0
Keralam,Kottayam,Thalayolaparambu Market,Bhindi(Ladies Finger),Bhindi,FAQ,02/04/2025,5800.0,6200.0,6000.0
Keralam,Kottayam,Thalayolaparambu Market,Cabbage,Cabbage,FAQ,22/11/2023,3400.0,3700.0,3500.0
Keralam,Kottayam,Thalayolaparambu Market,Brinjal,Other,FAQ,16/05/2024,4000.0,4300.0,4100.0
Keralam,Alappuzha,Harippad Market,Onion,Big,FAQ,06/11/2023,4500.0,5000.0,4500.0
Keralam,Alappuzha,Harippad Market,Cabbage,Cabbage,FAQ,15/11/2025,4500.0,5000.0,4500.0
Keralam,Alappuzha,Harippad Market,Onion,Small,FAQ,19/12/2023,8000.0,8500.0,8000.0
Keralam,Kottayam,Kuruppanthura Market,Bhindi(Ladies Finger),Other,FAQ,31/01/2026,4800.0,5000.0,4900.0
Keralam,Ernakulam,Perumbavoor Market,Carrot,Carrot,Medium,09/11/2024,6500.0,8000.0,7200.0
Keralam,Ernakulam,Perumbavoor Market,Green Chilli,Green Chilly,Medium,01/05/2026,4500.0,6000.0,5000.0
Keralam,Ernakulam,Perumbavoor Market,Banana,Poovan,Medium,02/06/2023,5400.0,7000.0,6000.0
Keralam,Palakad,Pattambi Market,Banana - Green,Banana - Green,FAQ,29/10/2024,6000.0,7000.0,6500.0
Tamil Nadu,Thirupur,Tiruppur (South) (Uzhavar Sandhai ),Potato,Other,Local,07/05/2026,4000.0,6000.0,5000.0
Tamil Nadu,Thirupur,Tiruppur (South) (Uzhavar Sandhai ),Cauliflower,Ranchi,Local,26/04/2025,2500.0,3000.0,2750.0
Tamil Nadu,Thirupur,Tiruppur (South) (Uzhavar Sandhai ),Cabbage,Cabbage,Local,14/04/2025,2000.0,2500.0,2250.0
Tamil Nadu,Erode,Perundurai(Uzhavar Sandhai ),Cauliflower,Ranchi,Local,21/02/2026,2500.0,3000.0,2750.0
Tamil Nadu,Erode,Perundurai(Uzhavar Sandhai ),Brinjal,Other,Local,11/10/2023,4000.0,4400.0,4200.0
Tamil Nadu,Dharmapuri,Dharmapuri(Uzhavar Sandhai ),Potato,Red Nanital,Local,14/02/2023,2600.0,2800.0,2700.0
Tamil Nadu,Dharmapuri,Dharmapuri(Uzhavar Sandhai ),Onion Green,Onion Green,Local,17/02/2026,5500.0,6000.0,5750.0
Tamil Nadu,Dharmapuri,Palacode(Uzhavar Sandhai ),Brinjal,Other,Local,30/11/2025,3000.0,3400.0,3200.0
Tamil Nadu,Dharmapuri,Pennagaram(Uzhavar Sandhai ),Cauliflower,Ranchi,Local,23/01/2025,2800.0,3000.0,2900.0
Tamil Nadu,Dindigul,Chinnalapatti(Uzhavar Sandhai ),Onion,Bellary,Local,07/09/2023,5500.0,6000.0,5750.0
Tamil Nadu,Dindigul,Chinnalapatti(Uzhavar Sandhai ),Tomato,Deshi,Local,06/01/2025,2000.0,2400.0,2200.0
Tamil Nadu,Dindigul,Chinnalapatti(Uzhavar Sandhai ),Carrot,Pusakesar,Local,14/01/2024,7000.0,9000.0,8000.0
Tamil Nadu,Dindigul,Dindigul(Uzhavar Sandhai ),Onion Green,Onion Green,Local,22/05/2025,5000.0,6000.0,5500.0
Tamil Nadu,Erode,Periyar Nagar(Uzhavar Sandhai ),Bhindi(Ladies Finger),Bhindi,Local,23/08/2025,3600.0,4000.0,3800.0
Tamil Nadu,Erode,Periyar Nagar(Uzhavar Sandhai ),Onion Green,Onion Green,Local,11/05/2025,5500.0,6000.0,5750.0
Tamil Nadu,Kallakuruchi,Sankarapuram(Uzhavar Sandhai ),Banana,Besrai,Local,26/01/2026,4000.0,4000.0,4000.0
Tamil Nadu,Kallakuruchi,Sankarapuram(Uzhavar Sandhai ),Bhindi(Ladies Finger),Bhindi,Local,27/12/2024,3000.0,3000.0,3000.0
Tamil Nadu,Kancheepuram,Kancheepuram(Uzhavar Sandhai ),Cauliflower,Ranchi,Local,25/07/2024,3000.0,3500.0,3250.0
Tamil Nadu,Kancheepuram,Padappai(Uzhavar Sandhai ),Onion,Bellary,Local,15/06/2026,3500.0,4200.0,3850.0
Tamil Nadu,Kancheepuram,Padappai(Uzhavar Sandhai ),Bhindi(Ladies Finger),Bhindi,Local,11/05/2026,3000.0,3500.0,3250.0
Tamil Nadu,Kancheepuram,Padappai(Uzhavar Sandhai ),Green Chilli,Green Chilly,Local,24/04/2025,3500.0,5000.0,4250.0
Tamil Nadu,Kancheepuram,Padappai(Uzhavar Sandhai ),Carrot,Pusakesar,Local,26/02/2023,3500.0,5000.0,4250.0
Tamil Nadu,Kancheepuram,Padappai(Uzhavar Sandhai ),Cabbage,Cabbage,Local,16/02/2024,2000.0,2500.0,2250.0
Tamil Nadu,Krishnagiri,Avallapalli(Uzhavar Sandhai ),Onion,Bellary,Local,21/12/2025,5500.0,6000.0,5750.0
Tamil Nadu,Krishnagiri,Avallapalli(Uzhavar Sandhai ),Potato,Red Nanital,Local,13/06/2025,2000.0,2500.0,2250.0
Tamil Nadu,Krishnagiri,Avallapalli(Uzhavar Sandhai ),Green Chilli,Green Chilly,Local,30/06/2023,4500.0,5000.0,4750.0
Tamil Nadu,Dharmapuri,Karimangalam(Uzhavar Sandhai),Banana,Karpura,Local,19/02/2025,6500.0,7000.0,6750.0
Tamil Nadu,Dharmapuri,Karimangalam(Uzhavar Sandhai),Onion,Bellary,Local,27/02/2024,5000.0,5500.0,5250.0
Tamil Nadu,Dharmapuri,Karimangalam(Uzhavar Sandhai),Potato,Other,Local,02/03/2026,2600.0,2800.0,2700.0
Tamil Nadu,Dharmapuri,Karimangalam(Uzhavar Sandhai),Tomato,Local,Local,11/01/2024,1800.0,2000.0,1900.0
Tamil Nadu,Krishnagiri,Denkanikottai(Uzhavar Sandhai ),Onion,Bellary,Local,14/02/2024,5500.0,6000.0,5750.0
Tamil Nadu,Krishnagiri,Denkanikottai(Uzhavar Sandhai ),Potato,Red Nanital,Local,11/12/2023,2000.0,2500.0,2250.0
Tamil Nadu,Krishnagiri,Denkanikottai(Uzhavar Sandhai ),Bhindi(Ladies Finger),Bhindi,Local,22/05/2026,3000.0,3500.0,3250.0
Tamil Nadu,Krishnagiri,Denkanikottai(Uzhavar Sandhai ),Carrot,Pusakesar,Local,26/10/2024,5500.0,6000.0,5750.0
Tamil Nadu,Madurai,Anaiyur(Uzhavar Sandhai ),Onion,Bellary,Local,22/09/2025,5500.0,6000.0,5750.0
Tamil Nadu,Madurai,Anaiyur(Uzhavar Sandhai ),Potato,Red Nanital,Local,08/04/2023,5500.0,6000.0,5750.0
Tamil Nadu,Madurai,Usilampatti(Uzhavar Sandhai ),Tomato,Deshi,Local,08/04/2023,2000.0,2400.0,2200.0
Tamil Nadu,Madurai,Usilampatti(Uzhavar Sandhai ),Green Chilli,Green Chilly,Local,03/08/2025,6000.0,7000.0,6500.0
Tamil Nadu,Madurai,Usilampatti(Uzhavar Sandhai ),Banana - Green,Banana - Green,Local,29/01/2025,2500.0,3000.0,2750.0
Tamil Nadu,Nagapattinam,Sirkali(Uzhavar Sandhai ),Banana,Besrai,Local,18/04/2025,4000.0,5000.0,4500.0
Tamil Nadu,Nagapattinam,Sirkali(Uzhavar Sandhai ),Green Chilli,Green Chilly,Local,20/04/2025,5500.0,6000.0,5750.0
Tamil Nadu,Nagapattinam,Sirkali(Uzhavar Sandhai ),Cabbage,Cabbage,Local,01/03/2026,2500.0,3000.0,2750.0
Tamil Nadu,Namakkal,Mohanur(Uzhavar Sandhai ),Green Chilli,Green Chilly,Local,05/08/2025,6000.0,6500.0,6250.0
Tamil Nadu,Namakkal,Mohanur(Uzhavar Sandhai ),Onion Green,Onion Green,Local,07/11/2023,5000.0,7000.0,6000.0
Tamil Nadu,Namakkal,Namakkal(Uzhavar Sandhai ),Onion,Bellary,Local,14/08/2025,5000.0,5500.0,5250.0
Tamil Nadu,Namakkal,Namakkal(Uzhavar Sandhai ),Onion Green,Onion Green,Local,12/04/2025,3000.0,7000.0,5000.0
Tamil Nadu,Namakkal,Paramathivelur(Uzhavar Sandhai ),Tomato,Local,Local,26/10/2023,2100.0,2500.0,2300.0
Tamil Nadu,Namakkal,Paramathivelur(Uzhavar Sandhai ),Bhindi(Ladies Finger),Bhindi,Local,12/08/2024,4400.0,5000.0,4700.0
Tamil Nadu,Namakkal,Paramathivelur(Uzhavar Sandhai ),Carrot,Pusakesar,Local,22/09/2023,8200.0,9000.0,8600.0
Tamil Nadu,Namakkal,Rasipuram(Uzhavar Sandhai ),Onion,Bellary,Local,08/04/2023,5000.0,5400.0,5200.0
Tamil Nadu,Namakkal,Rasipuram(Uzhavar Sandhai ),Tomato,Other,Local,28/01/2025,1800.0,2200.0,2000.0
Tamil Nadu,Namakkal,Rasipuram(Uzhavar Sandhai ),Bhindi(Ladies Finger),Bhindi,Local,01/01/2025,3400.0,4000.0,3700.0
Tamil Nadu,Namakkal,Rasipuram(Uzhavar Sandhai ),Green Chilli,Green Chilly,Local,15/07/2025,5400.0,6000.0,5700.0
Tamil Nadu,Namakkal,Rasipuram(Uzhavar Sandhai ),Banana - Green,Banana - Green,Local,28/09/2025,4000.0,4500.0,4250.0
Tamil Nadu,Namakkal,Rasipuram(Uzhavar Sandhai ),Carrot,Pusakesar,Local,20/01/2026,8000.0,9000.0,8500.0
Tamil Nadu,Namakkal,Rasipuram(Uzhavar Sandhai ),Onion Green,Onion Green,Local,05/08/2023,5500.0,7500.0,6500.0
Tamil Nadu,Madurai,Palanganatham(Uzhavar Sandhai ),Apple,American,Local,22/06/2023,20000.0,27000.0,23500.0
Tamil Nadu,Madurai,Palanganatham(Uzhavar Sandhai ),Potato,Other,Local,10/06/2025,5000.0,6000.0,5500.0
Tamil Nadu,Madurai,Palanganatham(Uzhavar Sandhai ),Tomato,Other,Local,01/05/2023,2000.0,2400.0,2200.0
Tamil Nadu,Madurai,Anna nagar(Uzhavar Sandhai ),Banana,Besrai,Local,03/03/2023,3500.0,4000.0,3750.0
Tamil Nadu,Madurai,Anna nagar(Uzhavar Sandhai ),Brinjal,Round,Local,22/12/2023,4000.0,4500.0,4250.0
Tamil Nadu,Perambalur,Perambalur(Uzhavar Sandhai ),Banana,Red Banana,Local,22/03/2025,7000.0,8000.0,7500.0
Tamil Nadu,Perambalur,Perambalur(Uzhavar Sandhai ),Potato,Other,Local,05/07/2024,3000.0,3000.0,3000.0
Tamil Nadu,Perambalur,Perambalur(Uzhavar Sandhai ),Cauliflower,Ranchi,Local,25/10/2023,4000.0,5000.0,4500.0
Tamil Nadu,Perambalur,Perambalur(Uzhavar Sandhai ),Bhindi(Ladies Finger),Bhindi,Local,02/09/2023,4800.0,5000.0,4900.0
Tamil Nadu,Perambalur,Perambalur(Uzhavar Sandhai ),Onion Green,Onion Green,Local,07/12/2024,4000.0,5000.0,4500.0
Tamil Nadu,Salem,Mecheri(Uzhavar Sandhai),Tomato,Deshi,Local,17/05/2023,1500.0,2000.0,1750.0
Tamil Nadu,Salem,Mecheri(Uzhavar Sandhai),Banana - Green,Banana - Green,Local,16/09/2025,2000.0,2500.0,2250.0
Tamil Nadu,Ranipet,Ranipettai(Uzhavar Sandhai ),Brinjal,Other,Local,13/01/2025,3000.0,3000.0,3000.0
Tamil Nadu,Ranipet,Ranipettai(Uzhavar Sandhai ),Green Chilli,Green Chilly,Local,20/08/2025,6000.0,7000.0,6500.0
Tamil Nadu,Ranipet,Ranipettai(Uzhavar Sandhai ),Carrot,Pusakesar,Local,17/11/2023,6500.0,6500.0,6500.0
Tamil Nadu,Salem,Ammapet(Uzhavar Sandhai ),Potato,Other,Local,31/07/2024,4000.0,4500.0,4250.0
Tamil Nadu,Salem,Ammapet(Uzhavar Sandhai ),Brinjal,Other,Local,16/02/2023,3200.0,3600.0,3400.0
Tamil Nadu,Salem,Mettur(Uzhavar Sandhai ),Bhindi(Ladies Finger),Bhindi,Local,15/01/2024,2500.0,3000.0,2750.0
Tamil Nadu,Salem,Mettur(Uzhavar Sandhai ),Onion Green,Onion Green,Local,22/04/2024,5000.0,6000.0,5500.0
Tamil Nadu,Salem,Sooramangalam(Uzhavar Sandhai ),Banana,Red Banana,Local,19/02/2024,7000.0,7500.0,7250.0
Tamil Nadu,Salem,Sooramangalam(Uzhavar Sandhai ),Potato,Other,Local,28/08/2023,5500.0,6000.0,5750.0
Tamil Nadu,Salem,Sooramangalam(Uzhavar Sandhai ),Cabbage,Cabbage,Local,16/08/2025,2500.0,3000.0,2750.0
Tamil Nadu,Thiruchirappalli,Thuraiyur APMC,Potato,Other,Local,02/07/2025,2500.0,3000.0,2750.0
Tamil Nadu,Thiruchirappalli,Thuraiyur APMC,Brinjal,Other,Local,16/02/2025,4000.0,4600.0,4300.0
Tamil Nadu,Thiruchirappalli,Thuraiyur APMC,Banana - Green,Banana - Green,Local,12/11/2025,2000.0,2500.0,2250.0
Tamil Nadu,Salem,Thammampatti (Uzhavar Sandhai ),Bhindi(Ladies Finger),Bhindi,Local,30/05/2024,3000.0,3500.0,3250.0
Tamil Nadu,Salem,Thathakapatti(Uzhavar Sandhai ),Potato,Red Nanital,Local,01/08/2024,2800.0,6000.0,4400.0
Tamil Nadu,Salem,Thathakapatti(Uzhavar Sandhai ),Cabbage,Cabbage,Local,19/05/2023,3500.0,4000.0,3750.0
Tamil Nadu,Theni,Kambam(Uzhavar Sandhai ),Potato,Red Nanital,Local,12/07/2025,2600.0,2600.0,2600.0
Tamil Nadu,Theni,Kambam(Uzhavar Sandhai ),Brinjal,Round,Local,13/02/2024,3000.0,3600.0,3300.0
Tamil Nadu,Theni,Kambam(Uzhavar Sandhai ),Bhindi(Ladies Finger),Bhindi,Local,27/04/2024,5500.0,6000.0,5750.0
Tamil Nadu,Theni,Kambam(Uzhavar Sandhai ),Green Chilli,Green Chilly,Local,24/03/2025,5000.0,6000.0,5500.0
Tamil Nadu,Theni,Kambam(Uzhavar Sandhai ),Banana - Green,Banana - Green,Local,26/05/2023,3000.0,3400.0,3200.0
Tamil Nadu,Theni,Kambam(Uzhavar Sandhai ),Onion Green,Onion Green,Local,23/08/2023,5500.0,6500.0,6000.0
Tamil Nadu,Theni,Theni(Uzhavar Sandhai ),Banana,Red Banana,Local,09/11/2025,6000.0,7000.0,6500.0
Tamil Nadu,Thirunelveli,Palayamkottai(Uzhavar Sandhai ),Cabbage,Cabbage,Local,06/08/2025,2800.0,3000.0,2900.0
Tamil Nadu,Thirupur,Kangayam(Uzhavar Sandhai ),Bhindi(Ladies Finger),Bhindi,Local,20/03/2025,4500.0,5000.0,4750.0
Tamil Nadu,Thiruvannamalai,Chengam(Uzhavar Sandhai ),Tomato,Local,Local,19/06/2025,1600.0,2000.0,1800.0
Tamil Nadu,Thiruvannamalai,Chengam(Uzhavar Sandhai ),Green Chilli,Green Chilly,Local,01/04/2026,5000.0,6000.0,5500.0
Tamil Nadu,Thiruvannamalai,Tamarainagar(Uzhavar Sandhai ),Brinjal,Round,Local,28/04/2024,7000.0,8400.0,7700.0
Tamil Nadu,Thiruvannamalai,Tamarainagar(Uzhavar Sandhai ),Tomato,Deshi,Local,04/07/2023,1700.0,2000.0,1850.0
Tamil Nadu,Thiruvannamalai,Tamarainagar(Uzhavar Sandhai ),Green Chilli,Green Chilly,Local,27/02/2023,5000.0,6000.0,5500.0
Tamil Nadu,Thiruvannamalai,Tamarainagar(Uzhavar Sandhai ),Onion Green,Onion Green,Local,15/12/2024,8000.0,10000.0,9000.0
Tamil Nadu,Thiruvannamalai,Vandavasi(Uzhavar Sandhai ),Carrot,Pusakesar,Local,02/06/2025,6000.0,7200.0,6600.0
Tamil Nadu,Coimbatore,Sulur(Uzhavar Sandhai ),Potato,Red Nanital,Local,18/03/2025,5500.0,6500.0,6000.0
Tamil Nadu,Coimbatore,Sulur(Uzhavar Sandhai ),Green Chilli,Green Chilly,Local,08/06/2025,3800.0,4500.0,4150.0
Tamil Nadu,Coimbatore,Sulur(Uzhavar Sandhai ),Carrot,Pusakesar,Local,23/04/2025,7000.0,7500.0,7250.0
Tamil Nadu,Pudukkottai,Gandarvakottai(Uzhavar Sandhai ),Onion,Bellary,Local,19/01/2025,4000.0,5000.0,4500.0
Tamil Nadu,Pudukkottai,Gandarvakottai(Uzhavar Sandhai ),Tomato,Other,Local,13/03/2023,2000.0,2500.0,2250.0
Tamil Nadu,Cuddalore,Panruti(Uzhavar Sandhai ),Potato,Red Nanital,Local,10/12/2023,4000.0,4000.0,4000.0
Tamil Nadu,Cuddalore,Panruti(Uzhavar Sandhai ),Green Chilli,Green Chilly,Local,29/12/2024,5000.0,5000.0,5000.0
Tamil Nadu,Cuddalore,Panruti(Uzhavar Sandhai ),Onion Green,Onion Green,Local,04/03/2026,6000.0,6000.0,6000.0
Tamil Nadu,Cuddalore,Vadalur(Uzhavar Sandhai ),Green Chilli,Green Chilly,Local,25/02/2023,6000.0,6000.0,6000.0
Tamil Nadu,Cuddalore,Vadalur(Uzhavar Sandhai ),Carrot,Pusakesar,Local,31/08/2024,6000.0,7000.0,6500.0
Tamil Nadu,Theni,Devaram(Uzhavar Sandhai ),Onion,Bellary,Local,10/06/2024,5000.0,5000.0,5000.0
Tamil Nadu,Theni,Devaram(Uzhavar Sandhai ),Cauliflower,Ranchi,Local,09/10/2023,3000.0,3000.0,3000.0
Tamil Nadu,Salem,Attayampatti(Uzhavar Sandhai ),Green Chilli,Green Chilly,Local,10/12/2025,5000.0,5400.0,5200.0
Tamil Nadu,Sivaganga,Sivagangai (Uzhavar Sandhai ),Potato,Red Nanital,Local,05/06/2026,5600.0,6200.0,5900.0
Tamil Nadu,Sivaganga,Sivagangai (Uzhavar Sandhai ),Tomato,Deshi,Local,15/04/2023,2200.0,2600.0,2400.0
Tamil Nadu,Sivaganga,Sivagangai (Uzhavar Sandhai ),Bhindi(Ladies Finger),Bhindi,Local,18/08/2024,5200.0,6200.0,5700.0
Tamil Nadu,Sivaganga,Devakottai (Uzhavar Sandhai ),Onion Green,Onion Green,Local,13/12/2023,7800.0,8200.0,8000.0
Tamil Nadu,Salem,Edapadi (Uzhavar Sandhai ),Green Chilli,Green Chilly,Local,26/06/2024,5000.0,5500.0,5250.0
Tamil Nadu,Salem,Hasthampatti(Uzhavar Sandhai ),Onion,Bellary,Local,09/02/2023,5000.0,5500.0,5250.0
Tamil Nadu,Salem,Hasthampatti(Uzhavar Sandhai ),Potato,Other,Local,04/04/2026,4500.0,5000.0,4750.0
Tamil Nadu,Salem,Hasthampatti(Uzhavar Sandhai ),Brinjal,Round,Local,14/09/2023,3500.0,4000.0,3750.0
Tamil Nadu,Salem,Hasthampatti(Uzhavar Sandhai ),Banana - Green,Banana - Green,Local,19/09/2023,1500.0,2000.0,1750.0
Tamil Nadu,Salem,Hasthampatti(Uzhavar Sandhai ),Cabbage,Cabbage,Local,05/08/2023,3000.0,3500.0,3250.0
Tamil Nadu,Salem,Jalagandapuram(Uzhavar Sandhai ),Banana,Red Banana,Local,05/11/2023,6500.0,7000.0,6750.0
Tamil Nadu,Salem,Jalagandapuram(Uzhavar Sandhai ),Cauliflower,Ranchi,Local,25/03/2025,2000.0,2500.0,2250.0
Tamil Nadu,Salem,Jalagandapuram(Uzhavar Sandhai ),Banana - Green,Banana - Green,Local,09/07/2026,2500.0,2800.0,2650.0
Tamil Nadu,Salem,Jalagandapuram(Uzhavar Sandhai ),Onion Green,Onion Green,Local,11/06/2025,5500.0,6000.0,5750.0
Tamil Nadu,Sivaganga,Singampunari(Uzhavar Sandhai ),Brinjal,Other,Local,28/09/2024,4200.0,4600.0,4400.0
Tamil Nadu,Sivaganga,Singampunari(Uzhavar Sandhai ),Tomato,Other,Local,12/03/2026,2200.0,2600.0,2400.0
Tamil Nadu,Sivaganga,Singampunari(Uzhavar Sandhai ),Cabbage,Cabbage,Local,25/07/2023,2800.0,3200.0,3000.0
Tamil Nadu,Sivaganga,Tirupatthur(Uzhavar Sandhai ),Banana,Karpura,Local,13/07/2025,4000.0,4000.0,4000.0
Tamil Nadu,Sivaganga,Tirupatthur(Uzhavar Sandhai ),Onion,Bellary,Local,27/07/2023,5500.0,6000.0,5750.0
Tamil Nadu,Sivaganga,Tirupatthur(Uzhavar Sandhai ),Bhindi(Ladies Finger),Bhindi,Local,26/09/2024,4000.0,4500.0,4250.0
Tamil Nadu,Thanjavur,Pattukottai(Uzhavar Sandhai ),Brinjal,Round,Local,21/03/2023,5000.0,7400.0,6200.0
Tamil Nadu,Thanjavur,Pattukottai(Uzhavar Sandhai ),Banana - Green,Banana - Green,Local,09/04/2023,3000.0,3000.0,3000.0
Tamil Nadu,Thanjavur,Pattukottai(Uzhavar Sandhai ),Carrot,Pusakesar,Local,12/11/2025,10000.0,10000.0,10000.0
Tamil Nadu,Thanjavur,Thanjavur(Uzhavar Sandhai ),Apple,American,Local,11/01/2024,26000.0,26000.0,26000.0
Tamil Nadu,Thanjavur,Thanjavur(Uzhavar Sandhai ),Onion Green,Onion Green,Local,22/04/2026,7000.0,7600.0,7300.0
Tamil Nadu,Thiruchirappalli,Lalgudi(Uzhavar Sandhai ),Onion,Bellary,Local,02/08/2024,4500.0,5400.0,4950.0
Tamil Nadu,Thiruchirappalli,Lalgudi(Uzhavar Sandhai ),Potato,Other,Local,17/05/2024,3000.0,3000.0,3000.0
Tamil Nadu,Thiruchirappalli,Lalgudi(Uzhavar Sandhai ),Bhindi(Ladies Finger),Bhindi,Local,01/02/2026,5600.0,5600.0,5600.0
Tamil Nadu,Thiruchirappalli,Lalgudi(Uzhavar Sandhai ),Green Chilli,Green Chilly,Local,18/11/2023,5600.0,5600.0,5600.0
Tamil Nadu,Thiruchirappalli,Lalgudi(Uzhavar Sandhai ),Carrot,Pusakesar,Local,15/04/2026,9000.0,9000.0,9000.0
Tamil Nadu,Thiruchirappalli,Lalgudi(Uzhavar Sandhai ),Cabbage,Cabbage,Local,11/10/2025,3600.0,3600.0,3600.0
Tamil Nadu,Thiruchirappalli,Manapparai(Uzhavar Sandhai ),Onion,Bellary,Local,02/05/2026,5000.0,5600.0,5300.0
Tamil Nadu,Thiruchirappalli,Manapparai(Uzhavar Sandhai ),Bhindi(Ladies Finger),Bhindi,Local,24/08/2024,5000.0,5000.0,5000.0
Tamil Nadu,Thiruchirappalli,Musiri(Uzhavar Sandhai ),Onion,Bellary,Local,04/06/2025,4600.0,6000.0,5300.0
Tamil Nadu,Thiruchirappalli,Musiri(Uzhavar Sandhai ),Potato,Other,Local,19/05/2024,2600.0,3000.0,2800.0
Tamil Nadu,Thiruchirappalli,Musiri(Uzhavar Sandhai ),Brinjal,Other,Local,05/06/2026,4000.0,5000.0,4500.0
Tamil Nadu,Thiruchirappalli,Musiri(Uzhavar Sandhai ),Bhindi(Ladies Finger),Bhindi,Local,28/04/2026,3600.0,4000.0,3800.0
Tamil Nadu,Thiruchirappalli,Musiri(Uzhavar Sandhai ),Banana - Green,Banana - Green,Local,30/04/2025,2500.0,2500.0,2500.0
Tamil Nadu,Thiruchirappalli,Musiri(Uzhavar Sandhai ),Carrot,Pusakesar,Local,03/07/2025,8000.0,9000.0,8500.0
Tamil Nadu,Thiruchirappalli,Thiruverumbur(Uzhavar Sandhai ),Brinjal,Other,Local,02/10/2025,5600.0,5600.0,5600.0
Tamil Nadu,Thiruchirappalli,Thiruverumbur(Uzhavar Sandhai ),Green Chilli,Green Chilly,Local,03/05/2025,5600.0,5600.0,5600.0
Tamil Nadu,Thiruchirappalli,Thiruverumbur(Uzhavar Sandhai ),Carrot,Pusakesar,Local,16/02/2024,9000.0,9000.0,9000.0
Tamil Nadu,Virudhunagar,Rajapalayam(Uzhavar Sandhai ),Cauliflower,Ranchi,Local,19/02/2023,2500.0,3000.0,2750.0
Tamil Nadu,Virudhunagar,Rajapalayam(Uzhavar Sandhai ),Carrot,Pusakesar,Local,15/06/2025,6000.0,7000.0,6500.0
Tamil Nadu,Virudhunagar,Sivakasi(Uzhavar Sandhai ),Bhindi(Ladies Finger),Bhindi,Local,06/12/2025,2500.0,3000.0,2750.0
Tamil Nadu,Virudhunagar,Sivakasi(Uzhavar Sandhai ),Green Chilli,Green Chilly,Local,28/05/2024,4000.0,5000.0,4500.0
Tamil Nadu,Virudhunagar,Thalavaipuram(Uzhavar Sandhai ),Potato,Red Nanital,Local,26/12/2023,2500.0,3000.0,2750.0
Tamil Nadu,Virudhunagar,Virudhunagar(Uzhavar Sandhai ),Brinjal,Round,Local,22/07/2024,3500.0,3600.0,3550.0
Tamil Nadu,Virudhunagar,Virudhunagar(Uzhavar Sandhai ),Bhindi(Ladies Finger),Bhindi,Local,06/12/2024,3500.0,3600.0,3550.0
Tamil Nadu,Chengalpattu,Nanganallur(Uzhavar Sandhai ),Apple,American,Local,27/03/2026,22000.0,23000.0,22500.0
Tamil Nadu,Chengalpattu,Nanganallur(Uzhavar Sandhai ),Brinjal,Round,Local,15/04/2025,3000.0,3000.0,3000.0
Tamil Nadu,Chengalpattu,Nanganallur(Uzhavar Sandhai ),Banana - Green,Banana - Green,Local,14/09/2025,3500.0,4000.0,3750.0
Tamil Nadu,Chengalpattu,Nanganallur(Uzhavar Sandhai ),Cabbage,Cabbage,Local,13/06/2023,4500.0,5000.0,4750.0
Tamil Nadu,Chengalpattu,Pallavaram(Uzhavar Sandhai ),Carrot,Pusakesar,Local,10/07/2024,8000.0,9000.0,8500.0
Tamil Nadu,Nagercoil (Kannyiakumari),Myladi(Uzhavar Sandhai ),Onion Green,Onion Green,Local,09/04/2023,7500.0,8000.0,7750.0
Tamil Nadu,Villupuram,Tindivanam APMC,Green Chilli,Green Chilly,Local,17/05/2024,5500.0,5500.0,5500.0
Tamil Nadu,Villupuram,Tindivanam APMC,Banana - Green,Banana - Green,Local,05/03/2026,5000.0,5000.0,5000.0
Keralam,Malappuram,Thirurrangadi Market,Cauliflower,Other,FAQ,21/08/2025,4500.0,4500.0,4500.0
Keralam,Malappuram,Thirurrangadi Market,Tomato,Tomato,FAQ,23/04/2024,2000.0,2000.0,2000.0
Maharashtra,Pune,Pune(Moshi) APMC,Onion Green,Other,Local,15/03/2026,15.0,20.0,18.0
Maharashtra,Pune,Pune(Moshi) APMC,Tomato,Local,Local,08/08/2025,800.0,900.0,850.0
Uttar Pradesh,Badaun,Babrala APMC,Maize,Local,Local,07/06/2025,2080.0,2100.0,2090.0
Gujarat,Anand,"Anand(Veg,Yard,Anand) APMC",Brinjal,Brinjal,Grade B,14/12/2024,4000.0,4500.0,4200.0
Gujarat,Jamnagar,Kalawad APMC,Wheat,Other,Local,02/01/2023,2355.0,2615.0,2465.0
Gujarat,Amreli,Babra APMC,Cotton,Shanker 6 (B) 30mm FIne,FAQ,03/07/2025,9200.0,10005.0,9600.0
Gujarat,Amreli,Damnagar APMC,Bhindi(Ladies Finger),Bhindi,Local,26/09/2023,3000.0,3000.0,3000.0
Gujarat,Rajkot,Gondal(Veg.market Gondal) APMC,Cabbage,Cabbage,Local,19/09/2025,500.0,2000.0,1250.0
Tamil Nadu,Madurai,Chokkikulam(Uzhavar Sandhai ),Apple,American,Local,20/08/2023,18000.0,27000.0,22500.0
Tamil Nadu,Madurai,Chokkikulam(Uzhavar Sandhai ),Banana - Green,Banana - Green,Local,30/10/2023,2000.0,2400.0,2200.0
Tamil Nadu,Madurai,Chokkikulam(Uzhavar Sandhai ),Carrot,Pusakesar,Local,09/02/2025,6000.0,8000.0,7000.0
Andhra Pradesh,NTR,Mylavaram APMC,Cotton,Bunny,Local,22/12/2024,7100.0,7100.0,7100.0
Andhra Pradesh,Palnadu,Krosuru APMC,Cotton,Bramha,FAQ,10/02/2025,8000.0,8600.0,8300.0
Telangana,Bhadradri Kothagudem,Dammapet APMC,Paddy(Common),1001,FAQ,14/07/2024,2400.0,2400.0,2400.0
Andhra Pradesh,Tirupathi,Nagalapuram APMC,Paddy(Common),Paddy,Local,03/01/2023,2312.5,2337.5,2325.0
Andhra Pradesh,Prakasam,Ongole APMC,Paddy(Common),B P T,Local,23/06/2025,2350.0,2350.0,2350.0
Andhra Pradesh,Chittor,Kuppam APMC,Tomato,Tomato,Grade C,14/07/2024,900.0,1212.0,1212.0
Andhra Pradesh,SPSR Nellore,Kavali APMC,Paddy(Common),Other,Local,01/04/2025,2380.0,2450.0,2400.0
Keralam,Thirssur,Pariyaram VFPCK Market,Banana,Nendra Bale,Grade A,15/06/2025,6000.0,7300.0,7000.0
Uttarakhand,Haridwar,Roorkee APMC,Tomato,Other,Medium,25/12/2023,1200.0,2200.0,1600.0
Uttarakhand,Haridwar,Roorkee APMC,Brinjal,Other,Local,10/04/2023,650.0,850.0,750.0
Uttarakhand,Haridwar,Roorkee APMC,Potato,Other,Medium,23/05/2024,800.0,1200.0,1000.0
Keralam,Kannur,Kannur Market,Banana - Green,Other,Grade A,08/10/2023,6500.0,7000.0,6700.0
Keralam,Kannur,Kannur Market,Bhindi(Ladies Finger),Bhindi,Grade A,20/03/2025,5700.0,6200.0,5900.0
Tamil Nadu,Erode,Thalavadi(Uzhavar Sandhai ),Banana,Red Banana,Local,27/05/2026,5500.0,6000.0,5750.0
Tamil Nadu,Cuddalore,Viruthachalam(Uzhavar Sandhai ),Potato,Red Nanital,Local,11/11/2024,4000.0,4000.0,4000.0
Tamil Nadu,Cuddalore,Viruthachalam(Uzhavar Sandhai ),Brinjal,Round,Local,07/06/2023,4000.0,5000.0,4500.0
Tamil Nadu,Krishnagiri,Krishnagiri(Uzhavar Sandhai ),Cauliflower,Ranchi,Local,31/10/2025,2000.0,3000.0,2500.0
Tamil Nadu,Krishnagiri,Krishnagiri(Uzhavar Sandhai ),Brinjal,Round,Local,14/08/2025,2000.0,2600.0,2300.0
Tamil Nadu,Nagapattinam,Nagapattinam(Uzhavar Sandhai ),Onion,Bellary,Local,26/11/2025,2600.0,3500.0,3050.0
Tamil Nadu,Pudukkottai,Pudukottai(Uzhavar Sandhai ),Banana,Red Banana,Local,03/08/2025,8000.0,9000.0,8500.0
Tamil Nadu,Pudukkottai,Pudukottai(Uzhavar Sandhai ),Onion,Bellary,Local,12/07/2026,6000.0,7000.0,6500.0
Tamil Nadu,Thanjavur,Kumbakonam (Uzhavar Sandhai ),Brinjal,Round,Local,27/08/2024,6000.0,9600.0,7800.0
Tamil Nadu,Thanjavur,Kumbakonam (Uzhavar Sandhai ),Banana - Green,Banana - Green,Local,18/03/2024,4800.0,4800.0,4800.0
Tamil Nadu,Thanjavur,Kumbakonam (Uzhavar Sandhai ),Onion Green,Onion Green,Local,11/04/2024,7200.0,8400.0,7800.0
Tamil Nadu,The Nilgiris,Udhagamandalam(Uzhavar Sandhai ),Tomato,Deshi,Local,08/01/2025,2000.0,2300.0,2150.0
Tamil Nadu,The Nilgiris,Udhagamandalam(Uzhavar Sandhai ),Carrot,Pusakesar,Local,13/02/2025,4500.0,5000.0,4750.0
Tamil Nadu,The Nilgiris,Udhagamandalam(Uzhavar Sandhai ),Cabbage,Cabbage,Local,11/03/2025,2000.0,2500.0,2250.0
Tamil Nadu,Thiruvarur,Tiruvarur(Uzhavar Sandhai ),Green Chilli,Green Chilly,Local,14/04/2025,6000.0,6000.0,6000.0
Tamil Nadu,Thiruvarur,Tiruvarur(Uzhavar Sandhai ),Banana - Green,Banana - Green,Local,19/04/2026,4000.0,4000.0,4000.0
West Bengal,Medinipur(E),Tamluk (Medinipur E) APMC,Rice,Common,FAQ,14/07/2025,3200.0,3400.0,3300.0
Tamil Nadu,Villupuram,Gingee(Uzhavar Sandhai ),Potato,Red Nanital,Local,31/05/2026,3500.0,3500.0,3500.0
Tamil Nadu,Villupuram,Gingee(Uzhavar Sandhai ),Carrot,Pusakesar,Local,04/07/2025,7500.0,7500.0,7500.0
Tamil Nadu,Villupuram,Gingee(Uzhavar Sandhai ),Onion Green,Onion Green,Local,07/06/2026,7500.0,7500.0,7500.0
Tamil Nadu,Thiruvarur,Valangaiman APMC,Bhindi(Ladies Finger),Bhindi,Local,16/06/2023,4000.0,4000.0,4000.0
Tamil Nadu,Thiruvellore,Tiruthani(Uzhavar Sandhai ),Potato,Red Nanital,Local,29/01/2024,3000.0,3000.0,3000.0
Tamil Nadu,Thiruvellore,Tiruthani(Uzhavar Sandhai ),Brinjal,Round,Local,29/03/2024,3000.0,3000.0,3000.0
Tamil Nadu,Thiruvellore,Tiruthani(Uzhavar Sandhai ),Tomato,Deshi,Local,08/09/2023,2500.0,2500.0,2500.0
Tamil Nadu,Thiruvellore,Tiruthani(Uzhavar Sandhai ),Bhindi(Ladies Finger),Bhindi,Local,22/10/2023,4000.0,4000.0,4000.0
Tamil Nadu,Virudhunagar,Kariyapatti(Uzhavar Sandhai ),Banana,Besrai,Local,24/07/2025,3500.0,4000.0,3750.0
Tamil Nadu,Virudhunagar,Kariyapatti(Uzhavar Sandhai ),Tomato,Deshi,Local,01/10/2025,1800.0,2000.0,1900.0
Tamil Nadu,Virudhunagar,Kariyapatti(Uzhavar Sandhai ),Banana - Green,Banana - Green,Local,03/04/2025,3000.0,3500.0,3250.0
Madhya Pradesh,Dhar,Kukshi(F&V) APMC,Cabbage,Cabbage,Grade A,05/03/2026,500.0,1000.0,700.0
Madhya Pradesh,Dhar,Kukshi(F&V) APMC,Cauliflower,Cauliflower,Grade A,16/04/2024,1000.0,2000.0,1500.0
Tamil Nadu,Vellore,Katpadi (Uzhavar Sandhai ),Banana,Besrai,Local,12/02/2025,5000.0,6000.0,5500.0
Tamil Nadu,Vellore,Katpadi (Uzhavar Sandhai ),Banana - Green,Banana - Green,Local,24/05/2024,3000.0,3000.0,3000.0
Tamil Nadu,Vellore,Katpadi (Uzhavar Sandhai ),Cabbage,Cabbage,Local,09/05/2024,3000.0,3000.0,3000.0
Tamil Nadu,Madurai,Thirumangalam(Uzhavar Sandhai ),Brinjal,Round,Local,27/09/2023,4000.0,4500.0,4250.0
Tamil Nadu,Madurai,Thirumangalam(Uzhavar Sandhai ),Bhindi(Ladies Finger),Bhindi,Local,08/01/2026,5000.0,6000.0,5500.0
Tamil Nadu,Madurai,Thirumangalam(Uzhavar Sandhai ),Onion Green,Onion Green,Local,28/04/2026,7500.0,8000.0,7750.0
Tamil Nadu,Salem,Vazhapadi(Uzhavar Sandhai),Brinjal,Other,Local,02/10/2025,3000.0,3000.0,3000.0
Tamil Nadu,Salem,Vazhapadi(Uzhavar Sandhai),Tomato,Deshi,Local,04/08/2024,1300.0,2000.0,1650.0
Tamil Nadu,Salem,Vazhapadi(Uzhavar Sandhai),Carrot,Pusakesar,Local,22/11/2023,6500.0,7000.0,6750.0
Tamil Nadu,Salem,Vazhapadi(Uzhavar Sandhai),Onion Green,Onion Green,Local,29/11/2023,6000.0,7000.0,6500.0
Tamil Nadu,Karur,Gandhigramam(Uzhavar Sandhai),Cauliflower,Ranchi,Local,16/06/2024,3500.0,4000.0,3750.0
Tamil Nadu,Karur,Gandhigramam(Uzhavar Sandhai),Brinjal,Other,Local,18/01/2023,3500.0,4000.0,3750.0
Tamil Nadu,Karur,Gandhigramam(Uzhavar Sandhai),Tomato,Other,Local,21/05/2026,2200.0,2400.0,2300.0
Tamil Nadu,Karur,Gandhigramam(Uzhavar Sandhai),Cabbage,Cabbage,Local,24/07/2025,4500.0,5000.0,4750.0
Keralam,Palakad,Vaniyamkulam  VFPCK Market,Banana,Robusta,Grade A,05/09/2024,2100.0,2300.0,2200.0
Keralam,Palakad,Vaniyamkulam  VFPCK Market,Banana - Green,Banana - Green,Grade A,23/08/2023,6500.0,6700.0,6600.0
Tamil Nadu,Vellore,Perampet(Uzhavar Sandhai),Tomato,Deshi,Local,06/06/2024,1600.0,1800.0,1700.0
Maharashtra,Pune,Pune(Pimpri) APMC,Brinjal,Other,Local,22/06/2026,4000.0,4000.0,4000.0
Tamil Nadu,Karur,Kulithalai(Uzhavar Sandhai ),Bhindi(Ladies Finger),Bhindi,Local,09/03/2023,3000.0,3600.0,3300.0
Tamil Nadu,Karur,Kulithalai(Uzhavar Sandhai ),Cabbage,Cabbage,Local,02/07/2023,3000.0,3200.0,3100.0
Tamil Nadu,Thirupur,Dharapuram(Uzhavar Sandhai ),Banana,Besrai,Local,30/10/2024,4500.0,5000.0,4750.0
Tamil Nadu,Thirupur,Dharapuram(Uzhavar Sandhai ),Onion,Bellary,Local,25/07/2025,4500.0,5000.0,4750.0
Tamil Nadu,Thirupur,Palladam(Uzhavar Sandhai ),Cauliflower,Ranchi,Local,19/01/2023,3500.0,4000.0,3750.0
Tamil Nadu,Thirupur,Palladam(Uzhavar Sandhai ),Cabbage,Cabbage,Local,23/05/2023,2500.0,3000.0,2750.0
Tamil Nadu,Kallakuruchi,Kallakurichi(Uzhavar Sandhai ),Brinjal,Other,Local,14/05/2024,5000.0,5000.0,5000.0
Tamil Nadu,Kallakuruchi,Kallakurichi(Uzhavar Sandhai ),Bhindi(Ladies Finger),Bhindi,Local,27/09/2023,3000.0,3000.0,3000.0
Tamil Nadu,Kallakuruchi,Kallakurichi(Uzhavar Sandhai ),Cabbage,Cabbage,Local,25/12/2024,4000.0,4000.0,4000.0
Tamil Nadu,Thirupathur,Natrampalli(Uzhavar Sandhai ),Brinjal,Round,Local,16/10/2023,4000.0,5000.0,4500.0
Tamil Nadu,Thirupathur,Natrampalli(Uzhavar Sandhai ),Tomato,Deshi,Local,09/01/2025,1500.0,2000.0,1750.0
Tamil Nadu,Thirupathur,Natrampalli(Uzhavar Sandhai ),Carrot,Pusakesar,Local,12/02/2025,5000.0,6000.0,5500.0
Andhra Pradesh,Nandyal,Nandikotkur APMC,Bengal Gram(Gram)(Whole),Gulabi,FAQ,25/12/2025,5400.0,5650.0,5500.0
Andhra Pradesh,Vijayanagaram,Chipurupalli APMC,Maize,Local,FAQ,20/01/2023,4800.0,4800.0,4800.0
Andhra Pradesh,Ananthapuramu,Guntakal APMC,Bengal Gram(Gram)(Whole),Bengal Gram (Split),Local,17/11/2024,6000.0,6200.0,6100.0
Andhra Pradesh,Dr.B.R.A.Konaseema,Ravulapalem (Kothapeta APMC),Banana,Bhushavali(Pacha),Local,24/03/2024,2200.0,2700.0,2400.0
Andhra Pradesh,Dr.B.R.A.Konaseema,Ravulapalem (Kothapeta APMC),Banana,Chakkarakeli(White),Local,22/09/2023,2500.0,3500.0,3200.0
Andhra Pradesh,East Godavari,Kovvur APMC,Paddy(Common),MTU-1010,Grade Range-2,21/06/2026,2441.0,2441.0,2441.0
Andhra Pradesh,Markapuram,Giddalur APMC,Bengal Gram(Gram)(Whole),Other,FAQ,30/07/2026,5900.0,6000.0,5950.0
Andhra Pradesh,Ananthapuramu,Gooti APMC,Cotton,Bramha,Grade Range-1,10/01/2024,5680.0,9890.0,9450.0
Andhra Pradesh,Anakapally,Payakaraopeta APMC,Paddy(Common),1001,Local,30/11/2025,2349.0,2369.0,2359.0
Andhra Pradesh,Parvathipuram Manyam,Parvathipuram APMC,Maize,Hybrid/Local,Local,30/08/2023,2400.0,2400.0,2400.0
Tamil Nadu,Virudhunagar,Srivilliputhur(Uzhavar Sandhai ),Onion Green,Onion Green,Local,09/10/2023,5500.0,7000.0,6250.0
Tamil Nadu,Coimbatore,Vadavalli(Uzhavar Sandhai ),Onion,Bellary,Local,10/09/2023,5000.0,5400.0,5200.0
Tamil Nadu,Coimbatore,Vadavalli(Uzhavar Sandhai ),Cauliflower,Ranchi,Local,23/03/2024,3800.0,4200.0,4000.0
West Bengal,Darjeeling,Darjeeling APMC,Cabbage,Other,FAQ,05/12/2024,2700.0,2900.0,2800.0
West Bengal,Darjeeling,Darjeeling APMC,Potato,Red,FAQ,17/06/2024,1400.0,1600.0,1500.0
Tamil Nadu,Coimbatore,Udumalpet APMC,Banana,Red Banana,Local,25/09/2023,7000.0,7500.0,7250.0
Tamil Nadu,Coimbatore,Udumalpet APMC,Bhindi(Ladies Finger),Bhindi,Local,25/09/2025,4500.0,5000.0,4750.0
Tamil Nadu,Coimbatore,Udumalpet APMC,Cabbage,Cabbage,Local,28/08/2025,3000.0,3500.0,3250.0
Tamil Nadu,Coimbatore,Udumalpet APMC,Onion Green,Onion Green,Local,20/04/2025,6500.0,8000.0,7250.0
Tamil Nadu,Erode,Gobichettipalayam(Uzhavar Sandhai ),Banana,Besrai,Local,15/09/2023,2500.0,5000.0,3750.0
Tamil Nadu,Erode,Gobichettipalayam(Uzhavar Sandhai ),Cabbage,Cabbage,Local,13/02/2024,2400.0,2600.0,2500.0
Tamil Nadu,Erode,Gobichettipalayam(Uzhavar Sandhai ),Onion Green,Onion Green,Local,09/02/2024,6000.0,6500.0,6250.0
Tamil Nadu,Erode,Sampath Nagar(Uzhavar Sandhai ),Green Chilli,Green Chilly,Local,23/09/2025,5500.0,6000.0,5750.0
Tamil Nadu,Erode,Sampath Nagar(Uzhavar Sandhai ),Onion Green,Onion Green,Local,12/12/2025,5500.0,6000.0,5750.0
Himachal Pradesh,Shimla,SMY Rohroo,Brinjal,Arkasheela Mattigulla,Grade B,07/08/2024,2800.0,3000.0,2900.0
Tamil Nadu,Pudukkottai,Ponnamaravathi(Uzhavar Sandhai),Banana - Green,Banana - Green,Local,09/10/2023,2500.0,3000.0,2750.0
Tamil Nadu,Pudukkottai,Ponnamaravathi(Uzhavar Sandhai),Onion Green,Onion Green,Local,26/11/2023,7500.0,8000.0,7750.0
Odisha,Kalahandi,Junagarh APMC,Bhindi(Ladies Finger),Other,Grade B,09/12/2024,1600.0,2000.0,1800.0
Tamil Nadu,Nagapattinam,Mayiladuthurai(Uzhavar Sandhai ),Potato,Red Nanital,Local,08/03/2026,3000.0,3000.0,3000.0
Tamil Nadu,Pudukkottai,Viralimalai(Uzhavar Sandhai ),Green Chilli,Green Chilly,Local,23/09/2024,6000.0,7000.0,6500.0
West Bengal,Uttar Dinajpur,Islampur APMC,Potato,Other,FAQ,25/03/2026,600.0,630.0,620.0
Tamil Nadu,Ramanathapuram,Paramakudi(Uzhavar Sandhai ),Soyabean,Local,Local,02/03/2025,9000.0,10000.0,9500.0
Tamil Nadu,Ramanathapuram,Paramakudi(Uzhavar Sandhai ),Banana - Green,Banana - Green,Local,10/01/2025,3000.0,3500.0,3250.0
Tamil Nadu,Ramanathapuram,Paramakudi(Uzhavar Sandhai ),Cabbage,Cabbage,Local,15/10/2024,4500.0,4800.0,4650.0
Tamil Nadu,Ramanathapuram,Ramanathapuram(Uzhavar Sandhai ),Brinjal,Round,Local,13/11/2023,6000.0,6500.0,6250.0
Tamil Nadu,Ramanathapuram,Ramanathapuram(Uzhavar Sandhai ),Banana - Green,Banana - Green,Local,09/11/2025,3500.0,4000.0,3750.0
Tamil Nadu,Pudukkottai,Alangudi(Uzhavar Sandhai ),Onion,Bellary,Local,29/03/2025,4500.0,5000.0,4750.0
Tamil Nadu,Pudukkottai,Alangudi(Uzhavar Sandhai ),Tomato,Other,Local,05/07/2024,2000.0,2500.0,2250.0
Tamil Nadu,Pudukkottai,Alangudi(Uzhavar Sandhai ),Banana - Green,Banana - Green,Local,01/03/2024,2500.0,3000.0,2750.0
Tamil Nadu,Thiruvannamalai,Arani(Uzhavar Sandhai ),Banana - Green,Banana - Green,Local,17/01/2025,1500.0,2000.0,1750.0
Tamil Nadu,Thiruvannamalai,Polur(Uzhavar Sandhai ),Green Chilli,Green Chilly,Local,25/09/2024,5000.0,6000.0,5500.0
Tamil Nadu,Thiruvannamalai,Tiruvannamalai(Uzhavar Sandhai ),Onion,Bellary,Local,03/04/2024,5000.0,5500.0,5250.0
Tamil Nadu,Thiruvannamalai,Tiruvannamalai(Uzhavar Sandhai ),Brinjal,Round,Local,30/09/2024,7000.0,8000.0,7500.0
Tamil Nadu,Thiruvannamalai,Tiruvannamalai(Uzhavar Sandhai ),Onion Green,Onion Green,Local,14/04/2023,7000.0,8000.0,7500.0
Tamil Nadu,Tuticorin,Kovilpatti(Uzhavar Sandhai ),Onion,Bellary,Local,19/07/2025,6000.0,6500.0,6250.0
Tamil Nadu,Tuticorin,Kovilpatti(Uzhavar Sandhai ),Brinjal,Other,Local,04/12/2023,2500.0,3000.0,2750.0
Tamil Nadu,Tuticorin,Kovilpatti(Uzhavar Sandhai ),Banana - Green,Banana - Green,Local,12/04/2025,3500.0,4000.0,3750.0
Tamil Nadu,Vellore,Gudiyatham(Uzhavar Sandhai ),Bhindi(Ladies Finger),Bhindi,Local,30/03/2023,2400.0,2400.0,2400.0
Tamil Nadu,Vellore,Kahithapattarai(Uzhavar Sandhai ),Potato,Other,Local,03/05/2026,3200.0,3200.0,3200.0
Tamil Nadu,Vellore,Kahithapattarai(Uzhavar Sandhai ),Bhindi(Ladies Finger),Bhindi,Local,03/06/2026,3500.0,3500.0,3500.0
Tamil Nadu,Vellore,Kahithapattarai(Uzhavar Sandhai ),Green Chilli,Green Chilly,Local,02/10/2024,4600.0,4600.0,4600.0
Andhra Pradesh,Palnadu,Narasaraopet APMC,Bengal Gram(Gram)(Whole),Desi (Whole),FAQ,02/01/2026,6000.0,6000.0,6000.0
Andhra Pradesh,Sri Sathya Sai,Penukonda APMC,Maize,Hybrid/Local,FAQ,17/02/2026,2450.0,2600.0,2500.0
Haryana,Rewari,Rewari APMC,Onion,Medium,Medium,09/01/2024,1500.0,4000.0,2500.0
Punjab,Ludhiana,Ludhiana APMC,Potato,Other,FAQ,16/06/2026,100.0,600.0,300.0
Punjab,Ludhiana,Ludhiana APMC,Cabbage,Other,FAQ,22/03/2023,600.0,1500.0,900.0
Punjab,Ludhiana,Ludhiana APMC,Green Chilli,Other,FAQ,01/03/2025,1000.0,3000.0,2200.0
Punjab,Ludhiana,Ludhiana APMC,Bhindi(Ladies Finger),Other,FAQ,28/02/2026,1800.0,2200.0,2000.0
Odisha,Dhenkanal,Hindol APMC,Onion,Other,Grade B,07/04/2026,3500.0,4000.0,3800.0
Odisha,Dhenkanal,Hindol APMC,Bhindi(Ladies Finger),Bhindi,Grade B,04/03/2023,5700.0,6000.0,5800.0
Keralam,Kottayam,Pampady Market,Banana - Green,Banana - Green,FAQ,19/09/2024,8000.0,9000.0,8500.0
Keralam,Kottayam,Pampady Market,Bhindi(Ladies Finger),Bhindi,FAQ,10/11/2024,6000.0,7500.0,7000.0
Tamil Nadu,Thiruvannamalai,Cheyyar(Uzhavar Sandhai ),Bhindi(Ladies Finger),Bhindi,Local,04/07/2026,3500.0,4200.0,3850.0
Tamil Nadu,Thiruvannamalai,Cheyyar(Uzhavar Sandhai ),Banana - Green,Banana - Green,Local,16/05/2025,1500.0,2000.0,1750.0
Andhra Pradesh,Dr.B.R.A.Konaseema,Ramachandrapuram APMC,Paddy(Common),Paddy,FAQ,16/08/2023,2369.0,2380.0,2369.0
Tamil Nadu,Ariyalur,Ariyalur(Uzhavar Sandhai),Tomato,Deshi,Local,11/11/2023,2000.0,2600.0,2300.0
Tamil Nadu,Ariyalur,Ariyalur(Uzhavar Sandhai),Carrot,Pusakesar,Local,15/04/2023,7000.0,8000.0,7500.0
Uttarakhand,Nanital,Ramnagar APMC,Onion,Other,Local,14/06/2023,2500.0,3000.0,2600.0
Haryana,Mahendragarh-Narnaul,Narnaul APMC,Green Chilli,Green Chilly,Medium,06/10/2023,2500.0,4000.0,3500.0
Haryana,Mahendragarh-Narnaul,Narnaul APMC,Cauliflower,Cauliflower,Medium,03/06/2024,5000.0,6000.0,5500.0
Haryana,Mahendragarh-Narnaul,Narnaul APMC,Brinjal,Brinjal,Medium,28/05/2024,1500.0,3000.0,2500.0
Haryana,Mahendragarh-Narnaul,Narnaul APMC,Cabbage,Cabbage,Medium,21/01/2024,3000.0,4000.0,3500.0
Uttar Pradesh,Raebarelli,Lalganj APMC,Bhindi(Ladies Finger),Bhindi,FAQ,20/12/2025,1800.0,2000.0,1900.0
Uttarakhand,Haridwar,Haridwar Union APMC,Cauliflower,Other,Local,23/05/2026,1000.0,1500.0,1200.0
Bihar,Siwan,Maharjganj APMC,Brinjal,Arkasheela Mattigulla,FAQ,25/05/2023,1800.0,1800.0,1800.0
Odisha,Boudh,Boudh APMC,Cauliflower,Other,Local,24/05/2025,8000.0,9000.0,8500.0
Odisha,Boudh,Boudh APMC,Potato,Other,Local,22/10/2024,1200.0,1800.0,1500.0
Keralam,Alappuzha,Chengannur Market,Bhindi(Ladies Finger),Other,FAQ,01/01/2025,5800.0,6100.0,6000.0
Keralam,Alappuzha,Chengannur Market,Tomato,Tomato,FAQ,27/02/2025,3400.0,3700.0,3500.0
Tamil Nadu,Coimbatore,Sundarapuram(Uzhavar Sandhai ),Brinjal,Other,Local,22/12/2025,4500.0,5000.0,4750.0
Tamil Nadu,Coimbatore,Sundarapuram(Uzhavar Sandhai ),Bhindi(Ladies Finger),Bhindi,Local,10/07/2026,4500.0,5000.0,4750.0
Tamil Nadu,Coimbatore,Sundarapuram(Uzhavar Sandhai ),Carrot,Pusakesar,Local,10/05/2024,7000.0,7500.0,7250.0
Haryana,Gurgaon,Gurgaon APMC,Banana,Other,Grade B,23/09/2025,2000.0,3000.0,2500.0
Odisha,Kalahandi,Kalahandi(Dharamagarh) APMC,Green Chilli,Other,Grade B,13/01/2025,5000.0,5600.0,5300.0
Andhra Pradesh,YSR Kadapa,Yerraguntla APMC,Onion,Local,FAQ,06/11/2024,2600.0,3000.0,2800.0
Punjab,Gurdaspur,Kalanaur APMC,Bhindi(Ladies Finger),Other,Grade A,09/05/2025,4100.0,4100.0,4100.0
Himachal Pradesh,Kangra,SMY Baijnath,Potato,Desi,Grade A,08/09/2023,1900.0,2000.0,2000.0
Himachal Pradesh,Kangra,SMY Baijnath,Carrot,Carrot,Grade A,29/08/2025,3500.0,3600.0,3600.0
Himachal Pradesh,Kangra,SMY Baijnath,Cauliflower,Cauliflower,Grade A,25/06/2025,5500.0,5600.0,5600.0
Himachal Pradesh,Kangra,SMY Jaisinghpur,Bhindi(Ladies Finger),Bhindi,FAQ,12/08/2024,3200.0,3800.0,3500.0
Himachal Pradesh,Kangra,SMY Jaisinghpur,Onion,Other,FAQ,15/01/2026,5000.0,5400.0,5200.0
Tamil Nadu,Erode,Sathiyamagalam(Uzhavar Sandhai ),Tomato,Local,Local,09/12/2025,1500.0,2000.0,1750.0
Tamil Nadu,Coimbatore,Mettupalayam(Uzhavar Sandhai ),Tomato,Deshi,Local,03/08/2025,1600.0,2000.0,1800.0
Tamil Nadu,Coimbatore,Mettupalayam(Uzhavar Sandhai ),Carrot,Pusakesar,Local,06/09/2025,6500.0,7500.0,7000.0
Tamil Nadu,Namakkal,Tiruchengode APMC,Onion,Bellary,Local,01/07/2025,2800.0,3000.0,2900.0
Tamil Nadu,Namakkal,Tiruchengode APMC,Brinjal,Other,Local,17/11/2025,4500.0,5000.0,4750.0
Tamil Nadu,Namakkal,Tiruchengode APMC,Green Chilli,Green Chilly,Local,26/04/2026,6900.0,7500.0,7200.0
Tamil Nadu,Namakkal,Tiruchengode APMC,Banana - Green,Banana - Green,Local,05/05/2025,4000.0,4500.0,4250.0
Tamil Nadu,Ariyalur,Jeyankondam (Uzhavar Sandhai ),Onion Green,Onion Green,Local,15/03/2025,6400.0,7000.0,6700.0
Tamil Nadu,Coimbatore,RSPuram(Uzhavar Sandhai ),Onion,Bellary,Local,14/01/2025,4800.0,5300.0,5050.0
Tamil Nadu,Coimbatore,RSPuram(Uzhavar Sandhai ),Brinjal,Other,Local,27/08/2024,3200.0,3600.0,3400.0
Tamil Nadu,Coimbatore,RSPuram(Uzhavar Sandhai ),Green Chilli,Green Chilly,Local,18/09/2024,5000.0,5500.0,5250.0
Tamil Nadu,Coimbatore,Singanallur(Uzhavar Sandhai ),Brinjal,Round,Local,07/10/2025,4000.0,5000.0,4500.0
Tamil Nadu,Coimbatore,Singanallur(Uzhavar Sandhai ),Banana - Green,Banana - Green,Local,25/11/2023,3500.0,4000.0,3750.0
Tamil Nadu,Coimbatore,Pollachi(Uzhavar Sandhai ),Banana - Green,Banana - Green,Local,16/10/2023,4000.0,4500.0,4250.0
Uttar Pradesh,Shamli,Kairana APMC,Bhindi(Ladies Finger),Bhindi,FAQ,04/03/2024,1400.0,1500.0,1450.0
Telangana,Ranga Reddy,"Vanasthalipuram,RBZ ",Onion,Onion,Grade A,13/04/2026,4000.0,4000.0,4000.0
Tamil Nadu,Karur,Karur(Uzhavar Sandhai ),Banana,Red Banana,Local,19/02/2026,5000.0,6000.0,5500.0
Tamil Nadu,Karur,Karur(Uzhavar Sandhai ),Cauliflower,Ranchi,Local,10/06/2025,3500.0,4000.0,3750.0
Tamil Nadu,Karur,Karur(Uzhavar Sandhai ),Green Chilli,Green Chilly,Local,16/09/2024,4000.0,5000.0,4500.0
Tamil Nadu,Karur,Karur(Uzhavar Sandhai ),Carrot,Pusakesar,Local,11/09/2024,8500.0,9000.0,8750.0
Tripura,South Tripura,Manubazar,Banana - Green,Banana - Green,Grade A,28/03/2024,2300.0,2500.0,2400.0
Tamil Nadu,Coimbatore,Kurichi(Uzhavar Sandhai ),Banana,Red Banana,Local,21/09/2025,7000.0,8000.0,7500.0
Tamil Nadu,Coimbatore,Kurichi(Uzhavar Sandhai ),Onion Green,Onion Green,Local,16/04/2026,7000.0,7500.0,7250.0
Tamil Nadu,Cuddalore,Cuddalore(Uzhavar Sandhai ),Potato,Red Nanital,Local,10/05/2023,4000.0,4000.0,4000.0
Tamil Nadu,Cuddalore,Cuddalore(Uzhavar Sandhai ),Cabbage,Cabbage,Local,24/03/2024,3000.0,3000.0,3000.0
Tamil Nadu,Chengalpattu,Thirukalukundram(Uzhavar Sandhai ),Onion,Bellary,Local,05/12/2025,3000.0,3500.0,3250.0
Bihar,Madhubani,Madhubani APMC,Bhindi(Ladies Finger),Bhindi,FAQ,08/03/2025,900.0,1100.0,1000.0
Bihar,Madhubani,Madhubani APMC,Potato,Red,FAQ,13/01/2025,1050.0,1200.0,1100.0
Bihar,Madhubani,Madhubani APMC,Brinjal,Brinjal,FAQ,30/03/2023,2000.0,2400.0,2200.0
Assam,Tinsukia,Tinsukia Market,Brinjal,Brinjal,FAQ,11/09/2023,3600.0,4000.0,3800.0
Assam,Tinsukia,Tinsukia Market,Cauliflower,Cauliflower,FAQ,14/12/2024,7000.0,9000.0,8000.0
Bihar,Saharsa,Saharsa APMC,Bhindi(Ladies Finger),Bhindi,FAQ,06/03/2024,1000.0,1200.0,1100.0
Bihar,Saharsa,Saharsa APMC,Brinjal,Brinjal,FAQ,19/09/2023,1600.0,1800.0,1700.0
Tamil Nadu,Nagercoil (Kannyiakumari),Vadaseri APMC,Potato,Red Nanital,Local,28/10/2023,3000.0,3500.0,3250.0
Tamil Nadu,Nagercoil (Kannyiakumari),Vadaseri APMC,Cauliflower,Ranchi,Local,24/02/2024,5000.0,5500.0,5250.0
Tamil Nadu,Pudukkottai,Karambakkudi(Uzhavar Sandhai ),Brinjal,Other,Local,07/09/2024,6000.0,7000.0,6500.0
Tamil Nadu,Vellore,Thirupathur APMC,Brinjal,Round,Local,10/07/2023,4000.0,4000.0,4000.0
Tamil Nadu,Vellore,Vellore APMC,Bhindi(Ladies Finger),Bhindi,Local,28/05/2024,2500.0,3000.0,2750.0
Bihar,Sheikhpura,Shekhpura APMC,Brinjal,Arkasheela Mattigulla,FAQ,10/06/2024,3345.0,3500.0,3420.0
Bihar,East Champaran/ Motihari,Chakia APMC,Potato,Red,Grade A,20/10/2024,1100.0,1300.0,1200.0
Tamil Nadu,Dharmapuri,Harur(Uzhavar Sandhai ),Cauliflower,Ranchi,Local,12/10/2024,3500.0,4000.0,3750.0
Tamil Nadu,Dharmapuri,Harur(Uzhavar Sandhai ),Tomato,Deshi,Local,10/01/2026,1500.0,2000.0,1750.0
Tamil Nadu,Dharmapuri,Harur(Uzhavar Sandhai ),Green Chilli,Green Chilly,Local,30/01/2026,4500.0,5000.0,4750.0
Tamil Nadu,Dharmapuri,Harur(Uzhavar Sandhai ),Onion Green,Onion Green,Local,08/06/2025,5000.0,6000.0,5500.0
Tamil Nadu,Krishnagiri,Kaveripattinam(Uzhavar Sandhai ),Tomato,Local,Local,20/07/2023,2500.0,2500.0,2500.0
Odisha,Jharsuguda,Jharsuguda APMC,Tomato,Other,Grade A,28/08/2024,3500.0,4000.0,3500.0
Haryana,Hissar,Hansi APMC,Apple,Other,Grade B,11/03/2024,8000.0,20000.0,15000.0
Punjab,Amritsar,Rayya APMC,Cauliflower,Local,FAQ,14/09/2025,3185.0,3185.0,3185.0
Andhra Pradesh,Bapatla,Kuchinapudi APMC,Maize,Local,Local,01/02/2023,2800.0,3000.0,2900.0
Himachal Pradesh,Mandi,SMY Jogindernagar,Bhindi(Ladies Finger),Other,Grade B,13/01/2026,2500.0,3000.0,2750.0
Keralam,Kozhikode(Calicut),Perambra Market,Banana,Robusta,Local,26/11/2023,2500.0,2800.0,2600.0
Keralam,Kozhikode(Calicut),Perambra Market,Carrot,Other,FAQ,27/08/2025,7900.0,8500.0,8000.0
Keralam,Kannur,Thalasserry Market,Onion,1st Sort,FAQ,09/11/2023,4500.0,5500.0,5000.0
Haryana,Rewari,Kosli APMC,Potato,Other,FAQ,22/02/2023,1000.0,1000.0,1000.0
Haryana,Rewari,Kosli APMC,Cabbage,Other,FAQ,05/02/2024,2000.0,2000.0,2000.0
Haryana,Sonipat,Ganaur APMC,Green Chilli,Green Chilly,Medium,14/03/2025,4000.0,5000.0,4500.0
Punjab,Ludhiana,Jagraon APMC,Apple,Apple,Grade A,10/06/2026,8000.0,8000.0,8000.0
Keralam,Kollam,Anchal Market,Banana,Palayamthodan,Medium,02/02/2026,4400.0,4400.0,4400.0
Keralam,Kollam,Anchal Market,Banana,Nendra Bale,Medium,29/07/2026,7500.0,7500.0,7500.0
Keralam,Kollam,Anchal Market,Cabbage,Cabbage,Medium,30/12/2024,6300.0,6300.0,6300.0
Rajasthan,Jalore,Jalore APMC,Green Chilli,Green Chilly,Local,01/06/2024,1200.0,1600.0,1400.0
Jammu and Kashmir,Baramulla,Sopore (Nowpora) (F&V),Apple,Other,Grade A,17/02/2025,7100.0,7100.0,7100.0
Keralam,Kottayam,Thalayolaparambu Market,Green Chilli,Green Chilly,FAQ,04/06/2025,4800.0,5200.0,5000.0
Keralam,Kozhikode(Calicut),Kallachi Market,Bhindi(Ladies Finger),Other,FAQ,22/07/2023,5100.0,5500.0,5300.0
Keralam,Kozhikode(Calicut),Kallachi Market,Carrot,Carrot,FAQ,29/05/2025,7800.0,8200.0,8000.0
Keralam,Kozhikode(Calicut),Kallachi Market,Green Chilli,Green Chilly,FAQ,11/10/2024,4800.0,5200.0,5000.0
Keralam,Kozhikode(Calicut),Kallachi Market,Potato,Other,FAQ,07/12/2024,2200.0,2600.0,2400.0
Keralam,Alappuzha,Harippad Market,Bhindi(Ladies Finger),Other,FAQ,03/02/2024,4500.0,5000.0,4500.0
Keralam,Ernakulam,Perumbavoor Market,Cabbage,Cabbage,Medium,05/02/2025,3000.0,4000.0,3600.0
Keralam,Ernakulam,Perumbavoor Market,Onion,Onion,Medium,19/08/2023,4800.0,6000.0,5200.0
Keralam,Ernakulam,Perumbavoor Market,Banana,Palayamthodan,Medium,22/03/2024,3500.0,4500.0,4000.0
Keralam,Palakad,Pattambi Market,Cauliflower,Cauliflower,FAQ,07/10/2023,3000.0,3500.0,3200.0
Keralam,Palakad,Pattambi Market,Onion,Onion,FAQ,26/02/2023,6500.0,7000.0,6800.0
Keralam,Palakad,Pattambi Market,Banana,Palayamthodan,Grade B,22/11/2025,4500.0,5000.0,4800.0
Tamil Nadu,Thirupur,Tiruppur (South) (Uzhavar Sandhai ),Onion,Bellary,Local,05/03/2024,3500.0,4000.0,3750.0
Tamil Nadu,Erode,Perundurai(Uzhavar Sandhai ),Banana,Red Banana,Local,22/12/2023,5500.0,6000.0,5750.0
Tamil Nadu,Erode,Perundurai(Uzhavar Sandhai ),Tomato,Other,Local,19/06/2025,2000.0,2200.0,2100.0
Tamil Nadu,Erode,Perundurai(Uzhavar Sandhai ),Banana - Green,Banana - Green,Local,24/08/2024,2500.0,3000.0,2750.0
Tamil Nadu,Erode,Perundurai(Uzhavar Sandhai ),Carrot,Pusakesar,Local,29/05/2026,7200.0,7400.0,7300.0
Tamil Nadu,Dharmapuri,Dharmapuri(Uzhavar Sandhai ),Onion,Bellary,Local,12/09/2024,5300.0,5700.0,5500.0
Tamil Nadu,Dharmapuri,Dharmapuri(Uzhavar Sandhai ),Brinjal,Round,Local,10/10/2024,2600.0,2800.0,2700.0
Tamil Nadu,Dharmapuri,Dharmapuri(Uzhavar Sandhai ),Bhindi(Ladies Finger),Bhindi,Local,17/03/2026,3300.0,3500.0,3400.0
Tamil Nadu,Dharmapuri,Dharmapuri(Uzhavar Sandhai ),Cabbage,Cabbage,Local,14/03/2026,3200.0,3400.0,3300.0
Tamil Nadu,Dharmapuri,Palacode(Uzhavar Sandhai ),Banana,Poovan,Local,29/11/2024,5000.0,5500.0,5250.0
Tamil Nadu,Dharmapuri,Palacode(Uzhavar Sandhai ),Onion,Bellary,Local,04/03/2026,5400.0,5600.0,5500.0
Tamil Nadu,Dharmapuri,Palacode(Uzhavar Sandhai ),Cauliflower,Ranchi,Local,25/09/2023,2500.0,3000.0,2750.0
Tamil Nadu,Dharmapuri,Palacode(Uzhavar Sandhai ),Tomato,Local,Local,24/08/2024,1800.0,2000.0,1900.0
Tamil Nadu,Dharmapuri,Palacode(Uzhavar Sandhai ),Green Chilli,Green Chilly,Local,10/10/2025,4600.0,5000.0,4800.0
Tamil Nadu,Dharmapuri,Palacode(Uzhavar Sandhai ),Banana - Green,Banana - Green,Local,20/12/2024,2000.0,2500.0,2250.0
Tamil Nadu,Dharmapuri,Palacode(Uzhavar Sandhai ),Carrot,Pusakesar,Local,04/02/2023,7500.0,7800.0,7650.0
Tamil Nadu,Dharmapuri,Palacode(Uzhavar Sandhai ),Cabbage,Cabbage,Local,09/01/2026,2800.0,3000.0,2900.0
Tamil Nadu,Dharmapuri,Pennagaram(Uzhavar Sandhai ),Onion,Bellary,Local,01/05/2026,5200.0,5500.0,5350.0
Tamil Nadu,Dharmapuri,Pennagaram(Uzhavar Sandhai ),Brinjal,Round,Local,22/03/2023,3500.0,3800.0,3650.0
Tamil Nadu,Dharmapuri,Pennagaram(Uzhavar Sandhai ),Green Chilli,Green Chilly,Local,17/08/2025,5500.0,6000.0,5750.0
Tamil Nadu,Dharmapuri,Pennagaram(Uzhavar Sandhai ),Banana - Green,Banana - Green,Local,09/05/2024,2800.0,3000.0,2900.0
Tamil Nadu,Dharmapuri,Pennagaram(Uzhavar Sandhai ),Cabbage,Cabbage,Local,21/01/2026,3600.0,4000.0,3800.0
Tamil Nadu,Dharmapuri,Pennagaram(Uzhavar Sandhai ),Onion Green,Onion Green,Local,29/06/2025,6500.0,7000.0,6750.0
Tamil Nadu,Dindigul,Chinnalapatti(Uzhavar Sandhai ),Potato,Red Nanital,Local,29/03/2024,4000.0,5000.0,4500.0
Tamil Nadu,Dindigul,Dindigul(Uzhavar Sandhai ),Onion,Bellary,Local,22/12/2024,5000.0,6000.0,5500.0
Tamil Nadu,Dindigul,Dindigul(Uzhavar Sandhai ),Banana - Green,Banana - Green,Local,03/06/2026,2500.0,3000.0,2750.0
Tamil Nadu,Dindigul,Dindigul(Uzhavar Sandhai ),Cabbage,Cabbage,Local,05/10/2024,3000.0,4000.0,3500.0
Tamil Nadu,Erode,Periyar Nagar(Uzhavar Sandhai ),Brinjal,Other,Local,25/11/2025,4000.0,4200.0,4100.0
Tamil Nadu,Erode,Periyar Nagar(Uzhavar Sandhai ),Tomato,Other,Local,27/12/2024,2000.0,2200.0,2100.0
Tamil Nadu,Kallakuruchi,Sankarapuram(Uzhavar Sandhai ),Green Chilli,Green Chilly,Local,22/06/2025,6000.0,6000.0,6000.0
Tamil Nadu,Kancheepuram,Kancheepuram(Uzhavar Sandhai ),Onion,Bellary,Local,11/03/2025,3300.0,4500.0,3900.0
Tamil Nadu,Kancheepuram,Kancheepuram(Uzhavar Sandhai ),Cabbage,Cabbage,Local,19/08/2024,2000.0,2500.0,2250.0
Tamil Nadu,Krishnagiri,Avallapalli(Uzhavar Sandhai ),Tomato,Deshi,Local,07/10/2023,1000.0,1500.0,1250.0
Tamil Nadu,Krishnagiri,Avallapalli(Uzhavar Sandhai ),Bhindi(Ladies Finger),Bhindi,Local,25/03/2026,3500.0,4000.0,3750.0
Tamil Nadu,Krishnagiri,Avallapalli(Uzhavar Sandhai ),Onion Green,Onion Green,Local,10/11/2025,8000.0,9000.0,8500.0
Tamil Nadu,Dharmapuri,Karimangalam(Uzhavar Sandhai),Green Chilli,Green Chilly,Local,13/08/2023,4500.0,5000.0,4750.0
Tamil Nadu,Dharmapuri,Karimangalam(Uzhavar Sandhai),Banana - Green,Banana - Green,Local,20/10/2023,2800.0,3000.0,2900.0
Tamil Nadu,Dharmapuri,Karimangalam(Uzhavar Sandhai),Cabbage,Cabbage,Local,20/07/2024,3300.0,3500.0,3400.0
Tamil Nadu,Krishnagiri,Denkanikottai(Uzhavar Sandhai ),Brinjal,Round,Local,31/12/2025,3500.0,4000.0,3750.0
Tamil Nadu,Madurai,Anaiyur(Uzhavar Sandhai ),Banana - Green,Banana - Green,Local,15/12/2025,1800.0,2400.0,2100.0
Tamil Nadu,Madurai,Anaiyur(Uzhavar Sandhai ),Carrot,Pusakesar,Local,05/11/2023,7000.0,8000.0,7500.0
Tamil Nadu,Madurai,Anaiyur(Uzhavar Sandhai ),Onion Green,Onion Green,Local,04/08/2025,7500.0,8000.0,7750.0
Tamil Nadu,Madurai,Usilampatti(Uzhavar Sandhai ),Brinjal,Round,Local,22/03/2024,4000.0,4500.0,4250.0
Tamil Nadu,Namakkal,Kumarapalayam(Uzhavar Sandhai ),Potato,Other,Local,09/08/2024,3600.0,3800.0,3700.0
Tamil Nadu,Namakkal,Kumarapalayam(Uzhavar Sandhai ),Brinjal,Other,Local,09/05/2026,5500.0,6000.0,5750.0
Tamil Nadu,Namakkal,Kumarapalayam(Uzhavar Sandhai ),Tomato,Other,Local,16/10/2025,1200.0,2000.0,1600.0
Tamil Nadu,Namakkal,Kumarapalayam(Uzhavar Sandhai ),Carrot,Pusakesar,Local,14/10/2023,8500.0,9000.0,8750.0
Tamil Nadu,Namakkal,Kumarapalayam(Uzhavar Sandhai ),Cabbage,Cabbage,Local,10/12/2025,3600.0,4000.0,3800.0
Tamil Nadu,Namakkal,Mohanur(Uzhavar Sandhai ),Onion,Bellary,Local,26/08/2025,5000.0,6000.0,5500.0
Tamil Nadu,Namakkal,Mohanur(Uzhavar Sandhai ),Tomato,Deshi,Local,07/06/2026,2200.0,2600.0,2400.0
Tamil Nadu,Namakkal,Namakkal(Uzhavar Sandhai ),Cauliflower,Ranchi,Local,18/06/2023,2500.0,4000.0,3250.0
Tamil Nadu,Namakkal,Namakkal(Uzhavar Sandhai ),Banana - Green,Banana - Green,Local,10/11/2025,3500.0,4000.0,3750.0
Tamil Nadu,Namakkal,Paramathivelur(Uzhavar Sandhai ),Green Chilli,Green Chilly,Local,24/05/2026,5800.0,6500.0,6150.0
Tamil Nadu,Madurai,Palanganatham(Uzhavar Sandhai ),Banana,Besrai,Local,08/02/2024,3600.0,4000.0,3800.0
Tamil Nadu,Madurai,Palanganatham(Uzhavar Sandhai ),Green Chilli,Green Chilly,Local,17/04/2024,5000.0,7000.0,6000.0
Tamil Nadu,Madurai,Palanganatham(Uzhavar Sandhai ),Onion Green,Onion Green,Local,29/10/2023,7000.0,8000.0,7500.0
Tamil Nadu,Madurai,Anna nagar(Uzhavar Sandhai ),Onion,Bellary,Local,11/10/2024,5000.0,6000.0,5500.0
Tamil Nadu,Madurai,Anna nagar(Uzhavar Sandhai ),Cauliflower,Ranchi,Local,30/09/2024,3500.0,4000.0,3750.0
Tamil Nadu,Madurai,Anna nagar(Uzhavar Sandhai ),Cabbage,Cabbage,Local,20/01/2025,2500.0,3000.0,2750.0
Tamil Nadu,Perambalur,Perambalur(Uzhavar Sandhai ),Brinjal,Other,Local,31/03/2024,4800.0,5200.0,5000.0
Tamil Nadu,Perambalur,Perambalur(Uzhavar Sandhai ),Tomato,Deshi,Local,24/01/2023,2500.0,3000.0,2750.0
Tamil Nadu,Perambalur,Perambalur(Uzhavar Sandhai ),Green Chilli,Green Chilly,Local,17/09/2023,6000.0,6000.0,6000.0
Tamil Nadu,Salem,Mecheri(Uzhavar Sandhai),Banana,Karpura,Local,13/01/2023,4500.0,5000.0,4750.0
Tamil Nadu,Salem,Mecheri(Uzhavar Sandhai),Brinjal,Other,Local,26/04/2024,3500.0,4000.0,3750.0
Tamil Nadu,Ranipet,Ranipettai(Uzhavar Sandhai ),Banana,Red Banana,Local,26/01/2026,10000.0,10000.0,10000.0
Tamil Nadu,Ranipet,Ranipettai(Uzhavar Sandhai ),Potato,Other,Local,14/11/2024,3200.0,3200.0,3200.0
Tamil Nadu,Ranipet,Ranipettai(Uzhavar Sandhai ),Banana - Green,Banana - Green,Local,26/03/2026,4000.0,5000.0,4500.0
Tamil Nadu,Salem,Ammapet(Uzhavar Sandhai ),Carrot,Pusakesar,Local,16/11/2025,7500.0,8000.0,7750.0
Tamil Nadu,Salem,Mettur(Uzhavar Sandhai ),Brinjal,Other,Local,14/10/2023,3500.0,4000.0,3750.0
Tamil Nadu,Salem,Mettur(Uzhavar Sandhai ),Banana - Green,Banana - Green,Local,05/02/2025,2000.0,2500.0,2250.0
Tamil Nadu,Salem,Sooramangalam(Uzhavar Sandhai ),Bhindi(Ladies Finger),Bhindi,Local,18/11/2025,3400.0,3600.0,3500.0
Tamil Nadu,Salem,Sooramangalam(Uzhavar Sandhai ),Onion Green,Onion Green,Local,18/04/2026,5500.0,6000.0,5750.0
Tamil Nadu,Thiruchirappalli,Thuraiyur APMC,Tomato,Other,Local,08/06/2026,2000.0,2400.0,2200.0
Tamil Nadu,Salem,Thammampatti (Uzhavar Sandhai ),Banana,Red Banana,Local,18/06/2025,6500.0,7000.0,6750.0
Tamil Nadu,Salem,Thammampatti (Uzhavar Sandhai ),Onion,Bellary,Local,13/01/2024,5000.0,5600.0,5300.0
Tamil Nadu,Salem,Thammampatti (Uzhavar Sandhai ),Potato,Other,Local,22/06/2024,2800.0,3000.0,2900.0
Tamil Nadu,Salem,Thammampatti (Uzhavar Sandhai ),Cabbage,Cabbage,Local,17/08/2023,3500.0,4000.0,3750.0
Tamil Nadu,Salem,Thathakapatti(Uzhavar Sandhai ),Green Chilli,Green Chilly,Local,23/07/2024,5000.0,5200.0,5100.0
Tamil Nadu,Salem,Thathakapatti(Uzhavar Sandhai ),Banana - Green,Banana - Green,Local,15/09/2023,3500.0,4000.0,3750.0
Tamil Nadu,Theni,Chinnamanur(Uzhavar Sandhai ),Cauliflower,Ranchi,Local,22/02/2026,2500.0,4000.0,3250.0
Tamil Nadu,Theni,Chinnamanur(Uzhavar Sandhai ),Tomato,Local,Local,01/09/2025,1600.0,1800.0,1700.0
Tamil Nadu,Theni,Chinnamanur(Uzhavar Sandhai ),Bhindi(Ladies Finger),Bhindi,Local,16/04/2025,6000.0,6000.0,6000.0
Tamil Nadu,Theni,Kambam(Uzhavar Sandhai ),Banana,Besrai,Local,13/05/2026,3000.0,6000.0,4500.0
Tamil Nadu,Theni,Theni(Uzhavar Sandhai ),Soyabean,Local,Local,12/01/2024,9500.0,9500.0,9500.0
Tamil Nadu,Theni,Theni(Uzhavar Sandhai ),Tomato,Other,Local,17/02/2025,1800.0,2000.0,1900.0
Tamil Nadu,Theni,Theni(Uzhavar Sandhai ),Bhindi(Ladies Finger),Bhindi,Local,30/09/2024,6000.0,6400.0,6200.0
Tamil Nadu,Theni,Theni(Uzhavar Sandhai ),Green Chilli,Green Chilly,Local,07/08/2025,5000.0,5800.0,5400.0
Tamil Nadu,Thirunelveli,NGO Colony(Uzhavar Sandhai ),Tomato,Deshi,Local,16/04/2023,1700.0,2300.0,2000.0
Tamil Nadu,Thirunelveli,Palayamkottai(Uzhavar Sandhai ),Apple,American,Local,06/02/2023,20000.0,24000.0,22000.0
Tamil Nadu,Thirunelveli,Palayamkottai(Uzhavar Sandhai ),Banana,Red Banana,Local,27/07/2024,9000.0,10000.0,9500.0
Tamil Nadu,Thirunelveli,Palayamkottai(Uzhavar Sandhai ),Onion,Bellary,Local,28/09/2024,4600.0,5400.0,5000.0
Tamil Nadu,Thirunelveli,Palayamkottai(Uzhavar Sandhai ),Tomato,Deshi,Local,14/06/2023,1800.0,2300.0,2050.0
Tamil Nadu,Thiruvannamalai,Chengam(Uzhavar Sandhai ),Cauliflower,Ranchi,Local,05/04/2026,3300.0,4000.0,3650.0
Tamil Nadu,Thiruvannamalai,Chengam(Uzhavar Sandhai ),Carrot,Pusakesar,Local,20/04/2024,6000.0,7200.0,6600.0
Tamil Nadu,Thiruvannamalai,Vandavasi(Uzhavar Sandhai ),Tomato,Local,Local,03/05/2026,1600.0,2000.0,1800.0
Tamil Nadu,Thiruvannamalai,Vandavasi(Uzhavar Sandhai ),Bhindi(Ladies Finger),Bhindi,Local,08/09/2024,3500.0,4200.0,3850.0
Tamil Nadu,Coimbatore,Sulur(Uzhavar Sandhai ),Cauliflower,Ranchi,Local,26/08/2024,4600.0,5200.0,4900.0
Tamil Nadu,Coimbatore,Sulur(Uzhavar Sandhai ),Tomato,Deshi,Local,16/08/2023,1600.0,1800.0,1700.0
Tamil Nadu,Coimbatore,Sulur(Uzhavar Sandhai ),Bhindi(Ladies Finger),Bhindi,Local,13/05/2025,4000.0,4500.0,4250.0
Tamil Nadu,Pudukkottai,Gandarvakottai(Uzhavar Sandhai ),Banana,Red Banana,Local,28/01/2024,6000.0,7000.0,6500.0
Tamil Nadu,Pudukkottai,Gandarvakottai(Uzhavar Sandhai ),Green Chilli,Green Chilly,Local,25/08/2024,5500.0,6000.0,5750.0
Tamil Nadu,Pudukkottai,Gandarvakottai(Uzhavar Sandhai ),Onion Green,Onion Green,Local,11/12/2024,7000.0,8000.0,7500.0
Tamil Nadu,Cuddalore,Vadalur(Uzhavar Sandhai ),Potato,Other,Local,01/08/2023,4000.0,4000.0,4000.0
Tamil Nadu,Cuddalore,Vadalur(Uzhavar Sandhai ),Banana - Green,Banana - Green,Local,26/03/2025,3000.0,3000.0,3000.0
Tamil Nadu,Karur,Velayuthampalayam(Uzhavar Sandhai ),Brinjal,Other,Local,27/10/2025,3200.0,4000.0,3600.0
Tamil Nadu,Karur,Velayuthampalayam(Uzhavar Sandhai ),Onion Green,Onion Green,Local,16/04/2026,7000.0,8000.0,7500.0
Tamil Nadu,Karur,Vengamedu(Uzhavar Sandhai ),Banana,Red Banana,Local,23/04/2023,5000.0,6000.0,5500.0
Tamil Nadu,Karur,Vengamedu(Uzhavar Sandhai ),Bhindi(Ladies Finger),Bhindi,Local,23/04/2023,4000.0,4500.0,4250.0
Tamil Nadu,Salem,Attayampatti(Uzhavar Sandhai ),Tomato,Deshi,Local,16/08/2023,2000.0,2000.0,2000.0
Tamil Nadu,Salem,Attayampatti(Uzhavar Sandhai ),Bhindi(Ladies Finger),Bhindi,Local,30/09/2025,3600.0,3600.0,3600.0
Tamil Nadu,Sivaganga,Sivagangai (Uzhavar Sandhai ),Brinjal,Other,Local,08/03/2026,4200.0,4600.0,4400.0
Tamil Nadu,Sivaganga,Sivagangai (Uzhavar Sandhai ),Green Chilli,Green Chilly,Local,28/08/2025,5200.0,6200.0,5700.0
Tamil Nadu,Sivaganga,Devakottai (Uzhavar Sandhai ),Cauliflower,Ranchi,Local,04/09/2025,4000.0,4200.0,4100.0
Tamil Nadu,Sivaganga,Devakottai (Uzhavar Sandhai ),Brinjal,Other,Local,02/10/2023,4200.0,4800.0,4500.0
Tamil Nadu,Sivaganga,Devakottai (Uzhavar Sandhai ),Cabbage,Cabbage,Local,20/02/2023,2800.0,3400.0,3100.0
Tamil Nadu,Salem,Edapadi (Uzhavar Sandhai ),Onion,Bellary,Local,28/03/2025,5500.0,6000.0,5750.0
Tamil Nadu,Salem,Edapadi (Uzhavar Sandhai ),Brinjal,Other,Local,11/11/2024,3400.0,3800.0,3600.0
Tamil Nadu,Salem,Edapadi (Uzhavar Sandhai ),Tomato,Other,Local,26/09/2023,2000.0,2200.0,2100.0
Tamil Nadu,Salem,Edapadi (Uzhavar Sandhai ),Cabbage,Cabbage,Local,07/03/2024,2800.0,3000.0,2900.0
Tamil Nadu,Salem,Elampillai(Uzhavar Sandhai ),Banana - Green,Banana - Green,Local,17/04/2026,2000.0,2400.0,2200.0
Tamil Nadu,Salem,Hasthampatti(Uzhavar Sandhai ),Bhindi(Ladies Finger),Bhindi,Local,09/07/2024,3000.0,3500.0,3250.0
Tamil Nadu,Salem,Hasthampatti(Uzhavar Sandhai ),Onion Green,Onion Green,Local,26/05/2025,5500.0,6000.0,5750.0
Tamil Nadu,Salem,Jalagandapuram(Uzhavar Sandhai ),Green Chilli,Green Chilly,Local,01/09/2023,4600.0,5000.0,4800.0
Tamil Nadu,Salem,Jalagandapuram(Uzhavar Sandhai ),Carrot,Pusakesar,Local,02/02/2024,7500.0,8000.0,7750.0
Tamil Nadu,Sivaganga,Singampunari(Uzhavar Sandhai ),Onion,Bellary,Local,20/12/2025,3200.0,5600.0,4400.0
Tamil Nadu,Sivaganga,Singampunari(Uzhavar Sandhai ),Bhindi(Ladies Finger),Bhindi,Local,26/01/2023,5400.0,6200.0,5800.0
Tamil Nadu,Sivaganga,Singampunari(Uzhavar Sandhai ),Green Chilli,Green Chilly,Local,01/04/2025,5400.0,6200.0,5800.0
Tamil Nadu,Sivaganga,Tirupatthur(Uzhavar Sandhai ),Potato,Red Nanital,Local,28/01/2025,4500.0,5000.0,4750.0
Tamil Nadu,Sivaganga,Tirupatthur(Uzhavar Sandhai ),Green Chilli,Green Chilly,Local,13/07/2023,4500.0,5000.0,4750.0
Tamil Nadu,Thanjavur,Pattukottai(Uzhavar Sandhai ),Banana,Besrai,Local,29/03/2023,3500.0,3500.0,3500.0
Tamil Nadu,Thanjavur,Pattukottai(Uzhavar Sandhai ),Potato,Red Nanital,Local,04/04/2026,3000.0,3000.0,3000.0
Tamil Nadu,Thanjavur,Thanjavur(Uzhavar Sandhai ),Brinjal,Round,Local,04/06/2025,6000.0,6000.0,6000.0
Tamil Nadu,Thanjavur,Thanjavur(Uzhavar Sandhai ),Banana - Green,Banana - Green,Local,16/04/2024,4000.0,4000.0,4000.0
Tamil Nadu,Thiruchirappalli,Manachanallur(Uzhavar Sandhai ),Onion,Bellary,Local,26/09/2024,4000.0,5600.0,4800.0
Tamil Nadu,Thiruchirappalli,Manachanallur(Uzhavar Sandhai ),Tomato,Other,Local,30/01/2023,2400.0,2400.0,2400.0
Tamil Nadu,Thiruchirappalli,Manachanallur(Uzhavar Sandhai ),Bhindi(Ladies Finger),Bhindi,Local,15/05/2023,5000.0,5000.0,5000.0
Tamil Nadu,Thiruchirappalli,Manachanallur(Uzhavar Sandhai ),Banana - Green,Banana - Green,Local,24/02/2026,2500.0,2500.0,2500.0
Tamil Nadu,Thiruchirappalli,Manachanallur(Uzhavar Sandhai ),Carrot,Pusakesar,Local,20/04/2025,9000.0,9000.0,9000.0
Tamil Nadu,Thiruchirappalli,Manapparai(Uzhavar Sandhai ),Banana,Poovan,Local,11/06/2025,4000.0,5000.0,4500.0
Tamil Nadu,Thiruchirappalli,Manapparai(Uzhavar Sandhai ),Potato,Other,Local,05/02/2024,3000.0,3000.0,3000.0
Tamil Nadu,Thiruchirappalli,Manapparai(Uzhavar Sandhai ),Brinjal,Other,Local,13/12/2024,4600.0,4600.0,4600.0
Tamil Nadu,Thiruchirappalli,Musiri(Uzhavar Sandhai ),Banana,Other,Local,18/03/2024,4000.0,5000.0,4500.0
Tamil Nadu,Thiruchirappalli,Thiruverumbur(Uzhavar Sandhai ),Cauliflower,Ranchi,Local,01/01/2023,5000.0,5000.0,5000.0
Tamil Nadu,Thiruchirappalli,Thiruverumbur(Uzhavar Sandhai ),Tomato,Other,Local,17/07/2023,2400.0,2400.0,2400.0
Tamil Nadu,Thiruchirappalli,Thiruverumbur(Uzhavar Sandhai ),Banana - Green,Banana - Green,Local,25/03/2025,2500.0,2500.0,2500.0
Tamil Nadu,Thiruchirappalli,Thiruverumbur(Uzhavar Sandhai ),Cabbage,Cabbage,Local,16/08/2024,3000.0,3000.0,3000.0
Tamil Nadu,Virudhunagar,Rajapalayam(Uzhavar Sandhai ),Tomato,Deshi,Local,30/03/2026,1300.0,1800.0,1550.0
Tamil Nadu,Virudhunagar,Sivakasi(Uzhavar Sandhai ),Cauliflower,Ranchi,Local,27/05/2023,4000.0,5000.0,4500.0
Tamil Nadu,Virudhunagar,Sivakasi(Uzhavar Sandhai ),Cabbage,Cabbage,Local,06/10/2024,2500.0,3000.0,2750.0
Tamil Nadu,Virudhunagar,Sivakasi(Uzhavar Sandhai ),Onion Green,Onion Green,Local,09/04/2025,6000.0,7000.0,6500.0
Tamil Nadu,Virudhunagar,Thalavaipuram(Uzhavar Sandhai ),Banana,Besrai,Local,22/04/2025,3200.0,4000.0,3600.0
Tamil Nadu,Virudhunagar,Thalavaipuram(Uzhavar Sandhai ),Banana - Green,Banana - Green,Local,10/12/2025,2800.0,3500.0,3150.0
Tamil Nadu,Virudhunagar,Thalavaipuram(Uzhavar Sandhai ),Carrot,Pusakesar,Local,06/12/2023,5500.0,7000.0,6250.0
Tamil Nadu,Chengalpattu,Nanganallur(Uzhavar Sandhai ),Onion,Bellary,Local,26/04/2024,4500.0,5000.0,4750.0
Tamil Nadu,Chengalpattu,Nanganallur(Uzhavar Sandhai ),Tomato,Deshi,Local,09/08/2023,2000.0,2500.0,2250.0
Tamil Nadu,Chengalpattu,Pallavaram(Uzhavar Sandhai ),Tomato,Deshi,Local,30/04/2023,2000.0,2500.0,2250.0
Tamil Nadu,Nagercoil (Kannyiakumari),Myladi(Uzhavar Sandhai ),Tomato,Deshi,Local,05/07/2023,2000.0,2500.0,2250.0
Tamil Nadu,Nagercoil (Kannyiakumari),Myladi(Uzhavar Sandhai ),Banana - Green,Banana - Green,Local,20/12/2024,6500.0,7000.0,6750.0
Tamil Nadu,Nagercoil (Kannyiakumari),Myladi(Uzhavar Sandhai ),Cabbage,Cabbage,Local,03/02/2025,5000.0,5500.0,5250.0
Andhra Pradesh,West Godavari,Narsapuram APMC,Paddy(Common),MTU-1001,Local,29/07/2023,2445.0,2445.0,2445.0
Tamil Nadu,Villupuram,Tindivanam APMC,Carrot,Pusakesar,Local,16/11/2023,7600.0,7600.0,7600.0
Tamil Nadu,Villupuram,Ulundurpettai APMC,Banana,Besrai,Local,08/05/2025,3000.0,4000.0,3500.0
Tamil Nadu,Villupuram,Ulundurpettai APMC,Onion,Bellary,Local,16/01/2023,4000.0,4000.0,4000.0
Tamil Nadu,Villupuram,Ulundurpettai APMC,Bhindi(Ladies Finger),Bhindi,Local,30/03/2023,3000.0,3000.0,3000.0
Tamil Nadu,Villupuram,Ulundurpettai APMC,Banana - Green,Banana - Green,Local,09/10/2025,3000.0,3000.0,3000.0
Keralam,Malappuram,Thirurrangadi Market,Brinjal,Other,FAQ,15/11/2024,4000.0,4200.0,4100.0
Keralam,Malappuram,Thirurrangadi Market,Cabbage,Other,FAQ,20/08/2023,2500.0,2500.0,2500.0
Maharashtra,Pune,Pune(Moshi) APMC,Brinjal,Other,Local,14/08/2024,1000.0,3000.0,2000.0
Maharashtra,Pune,Pune(Moshi) APMC,Cauliflower,Other,Local,16/09/2025,1500.0,2000.0,1750.0
Maharashtra,Satara,Vai APMC,Bhindi(Ladies Finger),Other,Local,25/08/2025,3000.0,4000.0,3500.0
Maharashtra,Satara,Vai APMC,Onion,Local,Local,20/06/2026,2000.0,4500.0,3200.0
Maharashtra,Satara,Vai APMC,Cabbage,Other,Local,11/08/2023,1500.0,2000.0,1800.0
Maharashtra,Satara,Vai APMC,Brinjal,Other,Local,18/07/2024,2500.0,3000.0,2800.0
Gujarat,Surat,Songadh APMC,Bhindi(Ladies Finger),Bhindi,FAQ,22/09/2023,2000.0,4000.0,3000.0
Gujarat,Anand,"Anand(Veg,Yard,Anand) APMC",Cauliflower,Cauliflower,Grade B,08/06/2025,2000.0,2500.0,2250.0
Gujarat,Jamnagar,Kalawad APMC,Bengal Gram(Gram)(Whole),Other,Local,29/08/2024,5500.0,6095.0,5825.0
Gujarat,Amreli,Damnagar APMC,Tomato,Local,Local,14/06/2025,3000.0,3000.0,3000.0
Gujarat,Rajkot,Gondal(Veg.market Gondal) APMC,Brinjal,Brinjal,Local,04/02/2024,500.0,4500.0,2500.0
Gujarat,Rajkot,Gondal(Veg.market Gondal) APMC,Tomato,Tomato,Local,10/01/2025,1000.0,2500.0,1750.0
Tamil Nadu,Madurai,Chokkikulam(Uzhavar Sandhai ),Cauliflower,Ranchi,Local,19/01/2023,3500.0,5000.0,4250.0
Tamil Nadu,Madurai,Chokkikulam(Uzhavar Sandhai ),Cabbage,Cabbage,Local,28/04/2025,2600.0,3000.0,2800.0
Tamil Nadu,Madurai,Chokkikulam(Uzhavar Sandhai ),Onion Green,Onion Green,Local,06/08/2025,7500.0,8000.0,7750.0
Keralam,Ernakulam,Kunnukara  VFPCK Market,Banana,Nendra Bale,Grade A,29/09/2025,6500.0,6700.0,6600.0
Andhra Pradesh,NTR,Mylavaram APMC,Paddy(Common),1001,Local,17/01/2026,2369.0,2369.0,2369.0
Andhra Pradesh,Prakasam,Addanki APMC,Bengal Gram(Gram)(Whole),Gulabi,FAQ,09/04/2026,5920.0,5980.0,5950.0
Andhra Pradesh,Prakasam,Addanki APMC,Maize,Local,FAQ,13/02/2024,2400.0,2430.0,2410.0
Punjab,Faridkot,Kotkapura APMC,Potato,Local,FAQ,24/04/2025,800.0,900.0,850.0
Uttarakhand,Haridwar,Roorkee APMC,Onion,Other,Medium,29/11/2025,2000.0,4000.0,3000.0
Tamil Nadu,Erode,Thalavadi(Uzhavar Sandhai ),Brinjal,Round,Local,05/05/2024,3000.0,3600.0,3300.0
Tamil Nadu,Erode,Thalavadi(Uzhavar Sandhai ),Bhindi(Ladies Finger),Bhindi,Local,28/04/2026,3000.0,3600.0,3300.0
Tamil Nadu,Erode,Thalavadi(Uzhavar Sandhai ),Onion Green,Onion Green,Local,26/01/2026,6000.0,6500.0,6250.0
Tamil Nadu,Cuddalore,Viruthachalam(Uzhavar Sandhai ),Tomato,Deshi,Local,02/02/2026,2000.0,2000.0,2000.0
Tamil Nadu,Cuddalore,Viruthachalam(Uzhavar Sandhai ),Banana - Green,Banana - Green,Local,15/04/2023,2500.0,3000.0,2750.0
Tamil Nadu,Cuddalore,Viruthachalam(Uzhavar Sandhai ),Onion Green,Onion Green,Local,15/05/2026,8000.0,8000.0,8000.0
Tamil Nadu,Krishnagiri,Krishnagiri(Uzhavar Sandhai ),Green Chilli,Green Chilly,Local,18/07/2026,3000.0,4000.0,3500.0
Tamil Nadu,Krishnagiri,Krishnagiri(Uzhavar Sandhai ),Carrot,Pusakesar,Local,04/03/2025,9000.0,10000.0,9500.0
Tamil Nadu,Krishnagiri,Krishnagiri(Uzhavar Sandhai ),Cabbage,Cabbage,Local,19/02/2025,2000.0,3000.0,2500.0
Tamil Nadu,Nagapattinam,Nagapattinam(Uzhavar Sandhai ),Potato,Red Nanital,Local,09/10/2025,3500.0,4000.0,3750.0
Tamil Nadu,Nagapattinam,Nagapattinam(Uzhavar Sandhai ),Onion Green,Onion Green,Local,21/07/2024,5400.0,6500.0,5950.0
Tamil Nadu,Thanjavur,Kumbakonam (Uzhavar Sandhai ),Banana,Besrai,Local,13/11/2025,4000.0,4000.0,4000.0
Tamil Nadu,Thanjavur,Kumbakonam (Uzhavar Sandhai ),Onion,Bellary,Local,14/08/2024,4200.0,6600.0,5400.0
Tamil Nadu,Thanjavur,Kumbakonam (Uzhavar Sandhai ),Tomato,Deshi,Local,25/04/2023,2400.0,2800.0,2600.0
Tamil Nadu,Thanjavur,Kumbakonam (Uzhavar Sandhai ),Carrot,Pusakesar,Local,08/11/2023,8400.0,10800.0,9600.0
Tamil Nadu,The Nilgiris,Udhagamandalam(Uzhavar Sandhai ),Potato,Other,Local,11/12/2025,5500.0,6000.0,5750.0
Tamil Nadu,The Nilgiris,Udhagamandalam(Uzhavar Sandhai ),Green Chilli,Green Chilly,Local,03/09/2025,4000.0,4500.0,4250.0
Tamil Nadu,Thiruvarur,Tiruvarur(Uzhavar Sandhai ),Tomato,Deshi,Local,17/11/2023,2200.0,2200.0,2200.0
West Bengal,Medinipur(E),Tamluk (Medinipur E) APMC,Rice,Fine,FAQ,16/12/2025,4200.0,4400.0,4300.0
West Bengal,Medinipur(E),Tamluk (Medinipur E) APMC,Brinjal,Brinjal,FAQ,07/11/2025,3800.0,4200.0,4000.0
Uttarakhand,Udhamsinghnagar,Rudrapur APMC,Onion,Other,Medium,28/11/2025,3000.0,4000.0,3500.0
Uttarakhand,Udhamsinghnagar,Rudrapur APMC,Tomato,Other,Medium,27/04/2026,1500.0,2500.0,2000.0
Bihar,East Champaran/ Motihari,Raxaul APMC,Bhindi(Ladies Finger),Bhindi,Grade A,20/04/2023,900.0,1100.0,1000.0
Bihar,East Champaran/ Motihari,Raxaul APMC,Onion,1st Sort,Grade A,13/09/2024,4100.0,4300.0,4200.0
Bihar,Sheikhpura,Barbigha APMC,Brinjal,Arkasheela Mattigulla,FAQ,11/05/2025,3380.0,3510.0,3440.0
West Bengal,Medinipur(E),Kolaghat APMC,Rice,Common,FAQ,01/04/2023,3200.0,3400.0,3300.0
West Bengal,Medinipur(E),Kolaghat APMC,Rice,Fine,FAQ,10/06/2025,4200.0,4400.0,4300.0
Tamil Nadu,Villupuram,Gingee(Uzhavar Sandhai ),Onion,Bellary,Local,14/08/2024,4000.0,4500.0,4250.0
Tamil Nadu,Villupuram,Gingee(Uzhavar Sandhai ),Tomato,Deshi,Local,26/04/2026,2000.0,2000.0,2000.0
Tamil Nadu,Villupuram,Gingee(Uzhavar Sandhai ),Bhindi(Ladies Finger),Bhindi,Local,28/01/2025,3000.0,3000.0,3000.0
Tamil Nadu,Thiruvarur,Valangaiman APMC,Tomato,Deshi,Local,08/05/2025,2000.0,2000.0,2000.0
Tamil Nadu,Thiruvarur,Valangaiman APMC,Banana - Green,Banana - Green,Local,18/12/2025,4000.0,4000.0,4000.0
Tamil Nadu,Thiruvellore,Tiruthani(Uzhavar Sandhai ),Green Chilli,Green Chilly,Local,11/11/2023,6000.0,6000.0,6000.0
Tamil Nadu,Virudhunagar,Kariyapatti(Uzhavar Sandhai ),Onion,Bellary,Local,22/06/2023,5500.0,6000.0,5750.0
Tamil Nadu,Virudhunagar,Kariyapatti(Uzhavar Sandhai ),Brinjal,Round,Local,10/03/2023,3500.0,4000.0,3750.0
Tamil Nadu,Virudhunagar,Kariyapatti(Uzhavar Sandhai ),Bhindi(Ladies Finger),Bhindi,Local,08/04/2026,4500.0,5000.0,4750.0
Tamil Nadu,Virudhunagar,Kariyapatti(Uzhavar Sandhai ),Cabbage,Cabbage,Local,07/03/2024,3000.0,3500.0,3250.0
Tamil Nadu,Virudhunagar,Kariyapatti(Uzhavar Sandhai ),Onion Green,Onion Green,Local,14/02/2023,7000.0,7500.0,7250.0
Madhya Pradesh,Dhar,Kukshi(F&V) APMC,Bhindi(Ladies Finger),Bhindi,Grade A,28/10/2023,800.0,1600.0,1200.0
Tamil Nadu,Vellore,Katpadi (Uzhavar Sandhai ),Apple,American,Local,11/08/2024,25000.0,25000.0,25000.0
Tamil Nadu,Vellore,Katpadi (Uzhavar Sandhai ),Onion Green,Onion Green,Local,23/06/2023,8000.0,8000.0,8000.0
Tamil Nadu,Madurai,Thirumangalam(Uzhavar Sandhai ),Green Chilli,Green Chilly,Local,02/09/2025,6000.0,7000.0,6500.0
Tamil Nadu,Madurai,Melur(Uzhavar Sandhai ),Brinjal,Round,Local,14/03/2023,4000.0,4500.0,4250.0
Tamil Nadu,Madurai,Melur(Uzhavar Sandhai ),Tomato,Deshi,Local,09/03/2023,2000.0,2400.0,2200.0
Tamil Nadu,Madurai,Melur(Uzhavar Sandhai ),Onion Green,Onion Green,Local,16/10/2024,7500.0,8000.0,7750.0
Tamil Nadu,Salem,Vazhapadi(Uzhavar Sandhai),Cauliflower,Ranchi,Local,30/11/2023,3000.0,3000.0,3000.0
Tamil Nadu,Salem,Vazhapadi(Uzhavar Sandhai),Bhindi(Ladies Finger),Bhindi,Local,01/04/2025,3800.0,3800.0,3800.0
Tamil Nadu,Karur,Gandhigramam(Uzhavar Sandhai),Carrot,Pusakesar,Local,17/05/2025,8000.0,9000.0,8500.0
Tamil Nadu,Karur,Gandhigramam(Uzhavar Sandhai),Onion Green,Onion Green,Local,25/09/2025,7500.0,8000.0,7750.0
Tamil Nadu,Pudukkottai,Aranthangi(Uzhavar Sandhai ),Banana,Karpura,Local,08/06/2026,5000.0,6000.0,5500.0
Tamil Nadu,Pudukkottai,Aranthangi(Uzhavar Sandhai ),Onion,Bellary,Local,06/02/2023,4000.0,5000.0,4500.0
Tamil Nadu,Nagapattinam,Vedaranyam(Uzhavar Sandhai),Tomato,Deshi,Local,17/12/2024,3600.0,3600.0,3600.0
Tamil Nadu,Nagapattinam,Vedaranyam(Uzhavar Sandhai),Bhindi(Ladies Finger),Bhindi,Local,13/06/2023,4500.0,4500.0,4500.0
Tamil Nadu,Nagapattinam,Vedaranyam(Uzhavar Sandhai),Banana - Green,Banana - Green,Local,09/05/2023,2000.0,2000.0,2000.0
Madhya Pradesh,Badwani,Sendhwa(F&V) APMC,Green Chilli,Green Chilly,Medium,16/08/2024,900.0,1300.0,1100.0
Tamil Nadu,Karur,Kulithalai(Uzhavar Sandhai ),Cauliflower,Ranchi,Local,19/05/2024,4000.0,4500.0,4250.0
Andhra Pradesh,East Godavari,Mandapeta APMC,Paddy(Common),1001,FAQ,21/06/2026,2369.0,2400.0,2389.0
Tamil Nadu,Thirupur,Dharapuram(Uzhavar Sandhai ),Cauliflower,Ranchi,Local,18/06/2025,3000.0,3500.0,3250.0
Tamil Nadu,Thirupur,Dharapuram(Uzhavar Sandhai ),Carrot,Pusakesar,Local,26/03/2025,7500.0,8000.0,7750.0
Tamil Nadu,Thirupur,Palladam(Uzhavar Sandhai ),Brinjal,Other,Local,20/03/2023,3500.0,4000.0,3750.0
Tamil Nadu,Thirupur,Palladam(Uzhavar Sandhai ),Banana - Green,Banana - Green,Local,06/05/2025,2500.0,3000.0,2750.0
Tamil Nadu,Kallakuruchi,Kallakurichi(Uzhavar Sandhai ),Green Chilli,Green Chilly,Local,14/05/2026,6000.0,6000.0,6000.0
Tamil Nadu,Thirupathur,Natrampalli(Uzhavar Sandhai ),Bhindi(Ladies Finger),Bhindi,Local,02/06/2026,2500.0,3000.0,2750.0
Andhra Pradesh,Srikakulam,Hiramandalam APMC,Maize,Medium,Local,28/12/2024,2210.0,2210.0,2210.0
Andhra Pradesh,NTR,Jaggayyapeta APMC,Maize,Local,Grade Range-1,11/05/2025,2410.0,2410.0,2410.0
Andhra Pradesh,Dr.B.R.A.Konaseema,Ravulapalem (Kothapeta APMC),Banana,Amruthapani,Local,30/08/2023,2500.0,3900.0,3700.0
Andhra Pradesh,Krishna,Machilipatnam APMC,Paddy(Common),B P T,Local,14/07/2025,2839.99929,3026.66591,2946.66593
Andhra Pradesh,Polavaram,Rampachodvaram APMC,Paddy(Common),1001,Grade Range-2,26/06/2023,2369.0,2389.0,2379.0
Tamil Nadu,Salem,Athur(Uzhavar Sandhai ),Banana,Red Banana,Local,05/11/2024,6500.0,7000.0,6750.0
Tamil Nadu,Virudhunagar,Srivilliputhur(Uzhavar Sandhai ),Brinjal,Round,Local,05/04/2023,3500.0,4000.0,3750.0
Tamil Nadu,Virudhunagar,Srivilliputhur(Uzhavar Sandhai ),Banana - Green,Banana - Green,Local,15/01/2024,2500.0,3000.0,2750.0
Odisha,Kalahandi,Mukhiguda APMC,Cabbage,Cabbage,Grade B,11/11/2024,2400.0,2700.0,2550.0
Odisha,Kalahandi,Mukhiguda APMC,Bhindi(Ladies Finger),Bhindi,Grade B,31/08/2023,2000.0,2400.0,2200.0
Tripura,North Tripura,Dasda APMC,Potato,Other,FAQ,12/10/2025,1300.0,1400.0,1350.0
Tamil Nadu,Coimbatore,Vadavalli(Uzhavar Sandhai ),Banana,Red Banana,Local,01/05/2026,8000.0,8600.0,8300.0
Tamil Nadu,Coimbatore,Vadavalli(Uzhavar Sandhai ),Green Chilli,Green Chilly,Local,07/11/2023,5000.0,5400.0,5200.0
Tamil Nadu,Coimbatore,Vadavalli(Uzhavar Sandhai ),Banana - Green,Banana - Green,Local,14/09/2024,3400.0,4000.0,3700.0
West Bengal,Darjeeling,Karsiyang(Matigara) APMC,Carrot,Other,FAQ,31/03/2026,3100.0,3300.0,3200.0
West Bengal,Uttar Dinajpur,Raiganj APMC,Brinjal,Round/Long,FAQ,19/09/2025,4000.0,4500.0,4200.0
Andhra Pradesh,YSR Kadapa,Jammalamadugu APMC,Bengal Gram(Gram)(Whole),Average (Whole),FAQ,09/11/2023,6000.0,6200.0,6100.0
Uttar Pradesh,Bulandshahar,Gulavati APMC,Cauliflower,Cauliflower,FAQ,06/04/2026,2000.0,2200.0,2100.0
Tamil Nadu,Coimbatore,Udumalpet APMC,Onion,Bellary,Local,23/10/2023,5500.0,6000.0,5750.0
Tamil Nadu,Coimbatore,Udumalpet APMC,Cauliflower,Ranchi,Local,01/03/2024,2000.0,3500.0,2750.0
West Bengal,Darjeeling,Siliguri APMC,Potato,Jyoti,FAQ,01/05/2023,640.0,670.0,660.0
West Bengal,Darjeeling,Siliguri APMC,Tomato,Tomato,FAQ,24/08/2023,2400.0,2600.0,2500.0
Tamil Nadu,Erode,Gobichettipalayam(Uzhavar Sandhai ),Cauliflower,Ranchi,Local,08/01/2024,4200.0,4500.0,4350.0
Tamil Nadu,Erode,Gobichettipalayam(Uzhavar Sandhai ),Bhindi(Ladies Finger),Bhindi,Local,10/01/2025,3600.0,3800.0,3700.0
Tamil Nadu,Erode,Sampath Nagar(Uzhavar Sandhai ),Potato,Other,Local,10/10/2023,4600.0,5000.0,4800.0
Tamil Nadu,Erode,Sampath Nagar(Uzhavar Sandhai ),Tomato,Other,Local,26/05/2026,2000.0,2200.0,2100.0
Tamil Nadu,Pudukkottai,Ponnamaravathi(Uzhavar Sandhai),Bhindi(Ladies Finger),Bhindi,Local,13/09/2025,4000.0,4500.0,4250.0
Odisha,Kalahandi,Bhawanipatna APMC,Brinjal,Brinjal,Local,15/10/2024,2800.0,2800.0,2800.0
Odisha,Kalahandi,Junagarh APMC,Brinjal,Other,Grade B,16/07/2024,2800.0,3200.0,3000.0
Tamil Nadu,Nagapattinam,Mayiladuthurai(Uzhavar Sandhai ),Onion,Bellary,Local,18/04/2024,3500.0,4000.0,3750.0
Tamil Nadu,Nagapattinam,Mayiladuthurai(Uzhavar Sandhai ),Cauliflower,Ranchi,Local,23/01/2024,5000.0,5000.0,5000.0
Tamil Nadu,Nagapattinam,Mayiladuthurai(Uzhavar Sandhai ),Brinjal,Round,Local,02/05/2023,4500.0,5000.0,4750.0
Tamil Nadu,Nagapattinam,Mayiladuthurai(Uzhavar Sandhai ),Green Chilli,Green Chilly,Local,09/03/2023,5500.0,6000.0,5750.0
Tamil Nadu,Nagapattinam,Mayiladuthurai(Uzhavar Sandhai ),Cabbage,Cabbage,Local,04/10/2023,4000.0,4000.0,4000.0
Tamil Nadu,Pudukkottai,Viralimalai(Uzhavar Sandhai ),Banana,Besrai,Local,02/02/2026,4500.0,5000.0,4750.0
Tamil Nadu,Pudukkottai,Viralimalai(Uzhavar Sandhai ),Brinjal,Round,Local,09/07/2025,5000.0,6000.0,5500.0
Tamil Nadu,Pudukkottai,Viralimalai(Uzhavar Sandhai ),Onion Green,Onion Green,Local,08/02/2024,7000.0,8000.0,7500.0
West Bengal,Uttar Dinajpur,Islampur APMC,Onion,Dry F.A.Q.,FAQ,24/08/2024,3000.0,3200.0,3100.0
Tamil Nadu,Ramanathapuram,Paramakudi(Uzhavar Sandhai ),Banana,Besrai,Local,08/07/2024,4500.0,5000.0,4750.0
Tamil Nadu,Ramanathapuram,Paramakudi(Uzhavar Sandhai ),Onion,Bellary,Local,05/10/2024,4800.0,5000.0,4900.0
Tamil Nadu,Ramanathapuram,Paramakudi(Uzhavar Sandhai ),Potato,Red Nanital,Local,03/04/2026,4500.0,5000.0,4750.0
Tamil Nadu,Ramanathapuram,Paramakudi(Uzhavar Sandhai ),Onion Green,Onion Green,Local,03/08/2023,7500.0,8000.0,7750.0
Tamil Nadu,Ramanathapuram,Ramanathapuram(Uzhavar Sandhai ),Cauliflower,Ranchi,Local,27/03/2023,5500.0,6000.0,5750.0
Tamil Nadu,Ramanathapuram,Ramanathapuram(Uzhavar Sandhai ),Tomato,Deshi,Local,27/12/2024,2500.0,3000.0,2750.0
Tamil Nadu,Ramanathapuram,Ramanathapuram(Uzhavar Sandhai ),Onion Green,Onion Green,Local,04/09/2024,8500.0,9000.0,8750.0
Tamil Nadu,Pudukkottai,Alangudi(Uzhavar Sandhai ),Bhindi(Ladies Finger),Bhindi,Local,29/12/2024,4000.0,4500.0,4250.0
Tamil Nadu,Pudukkottai,Alangudi(Uzhavar Sandhai ),Onion Green,Onion Green,Local,17/12/2023,7000.0,8000.0,7500.0
Tamil Nadu,Thiruvannamalai,Arani(Uzhavar Sandhai ),Carrot,Pusakesar,Local,23/07/2026,6000.0,7200.0,6600.0
Tamil Nadu,Thiruvannamalai,Polur(Uzhavar Sandhai ),Cauliflower,Ranchi,Local,08/02/2024,3000.0,3600.0,3300.0
Tamil Nadu,Thiruvannamalai,Tiruvannamalai(Uzhavar Sandhai ),Apple,American,Local,02/05/2025,22000.0,24000.0,23000.0
Tamil Nadu,Thiruvannamalai,Tiruvannamalai(Uzhavar Sandhai ),Banana,Besrai,Local,11/06/2026,4000.0,5000.0,4500.0
Tamil Nadu,Thiruvannamalai,Tiruvannamalai(Uzhavar Sandhai ),Potato,Red Nanital,Local,24/07/2025,3000.0,3600.0,3300.0
Tamil Nadu,Thiruvannamalai,Tiruvannamalai(Uzhavar Sandhai ),Banana - Green,Banana - Green,Local,15/07/2023,2500.0,3000.0,2750.0
Tamil Nadu,Tuticorin,Kovilpatti(Uzhavar Sandhai ),Tomato,Local,Local,07/04/2026,2000.0,2500.0,2250.0
Tamil Nadu,Vellore,Gudiyatham(Uzhavar Sandhai ),Banana,Red Banana,Local,03/02/2025,8000.0,8000.0,8000.0
Tamil Nadu,Vellore,Gudiyatham(Uzhavar Sandhai ),Potato,Red Nanital,Local,13/06/2025,3000.0,3000.0,3000.0
Tamil Nadu,Vellore,Gudiyatham(Uzhavar Sandhai ),Brinjal,Other,Local,29/05/2024,3000.0,3000.0,3000.0
Tamil Nadu,Vellore,Kahithapattarai(Uzhavar Sandhai ),Cauliflower,Ranchi,Local,29/03/2025,2500.0,2500.0,2500.0
Tamil Nadu,Vellore,Kahithapattarai(Uzhavar Sandhai ),Carrot,Pusakesar,Local,27/12/2025,4600.0,4600.0,4600.0
Tamil Nadu,Villupuram,Villupuram(Uzhavar Sandhai ),Green Chilli,Green Chilly,Local,22/06/2024,6000.0,6000.0,6000.0
Andhra Pradesh,Prakasam,Darsi APMC,Cotton,Desi,Local,20/04/2023,8100.0,8200.0,8200.0
Andhra Pradesh,Palnadu,Narasaraopet APMC,Cotton,Bunny,FAQ,18/06/2026,8000.0,8000.0,8000.0
Haryana,Rewari,Rewari APMC,Banana,Other,Medium,19/05/2026,2000.0,4000.0,3000.0
Punjab,Ludhiana,Ludhiana APMC,Apple,Other,Medium,03/10/2023,3000.0,12000.0,6000.0
Odisha,Dhenkanal,Hindol APMC,Potato,Potato,Grade B,04/06/2023,1400.0,1600.0,1500.0
Andaman and Nicobar,North and Middle Andaman ,Diglipur Vegetable Market (Subhashgram),Bhindi(Ladies Finger),Other,FAQ,20/01/2025,2500.0,5000.0,3500.0
Andaman and Nicobar,North and Middle Andaman ,Diglipur Vegetable Market (Subhashgram),Green Chilli,Other,FAQ,08/08/2025,55000.0,70000.0,65000.0
Andaman and Nicobar,North and Middle Andaman ,Diglipur Vegetable Market (Subhashgram),Banana,Banana - Ripe,Local,07/07/2025,3000.0,6000.0,4500.0
Tamil Nadu,Thiruvannamalai,Cheyyar(Uzhavar Sandhai ),Banana,Poovan,Local,23/12/2023,4000.0,5000.0,4500.0
Tamil Nadu,Thiruvannamalai,Cheyyar(Uzhavar Sandhai ),Tomato,Local,Local,21/03/2026,1500.0,2000.0,1750.0
Andhra Pradesh,Dr.B.R.A.Konaseema,Mummidivaram APMC,Paddy(Common),1121,FAQ,16/04/2024,2369.0,2468.0,2369.0
Andhra Pradesh,Kurnool,Pattikonda APMC,Tomato,Local,FAQ,15/03/2023,800.0,1200.0,1000.0
Tamil Nadu,Ariyalur,Ariyalur(Uzhavar Sandhai),Potato,Red Nanital,Local,24/09/2023,4000.0,4500.0,4250.0
Odisha,Cuttack,Banki APMC,Brinjal,Other,Medium,28/06/2025,5000.0,6000.0,5500.0
Uttarakhand,Haridwar,Haridwar Union APMC,Banana,Other,Medium,24/07/2023,1200.0,1800.0,1500.0
Uttarakhand,Haridwar,Haridwar Union APMC,Apple,Other,Medium,25/11/2023,7500.0,10000.0,8500.0
Bihar,Siwan,Maharjganj APMC,Potato,Red Nanital,FAQ,30/07/2025,1700.0,1700.0,1700.0
Telangana,Siddipet,Dubbak APMC,Paddy(Common),I.R. 64,FAQ,03/03/2024,2400.0,2400.0,2400.0
Haryana,Panchkula,Barwala APMC,Onion,Onion,FAQ,18/01/2023,2500.0,2500.0,2500.0
Haryana,Panchkula,Barwala APMC,Potato,Local,FAQ,06/12/2023,700.0,800.0,750.0
Haryana,Panchkula,Barwala APMC,Tomato,Local,FAQ,04/02/2026,2000.0,2500.0,2250.0
Odisha,Mayurbhanja,Betnoti APMC,Brinjal,Brinjal,FAQ,26/01/2024,4600.0,5000.0,4800.0
Keralam,Alappuzha,Chengannur Market,Potato,Potato,FAQ,06/07/2024,2500.0,2800.0,2600.0
Keralam,Alappuzha,Chengannur Market,Onion,Onion,FAQ,19/05/2024,4900.0,5200.0,5000.0
Tamil Nadu,Coimbatore,Sundarapuram(Uzhavar Sandhai ),Potato,Other,Local,15/05/2023,6000.0,6500.0,6250.0
Tamil Nadu,Coimbatore,Sundarapuram(Uzhavar Sandhai ),Cauliflower,Ranchi,Local,05/05/2026,4500.0,5000.0,4750.0
Odisha,Kalahandi,Kalahandi(Dharamagarh) APMC,Brinjal,Other,Grade B,22/03/2024,2800.0,3200.0,3000.0
Uttar Pradesh,Khiri (Lakhimpur),Maigalganj APMC,Cabbage,Cabbage,FAQ,21/07/2025,920.0,960.0,940.0
Uttar Pradesh,Khiri (Lakhimpur),Maigalganj APMC,Banana - Green,Banana - Green,FAQ,09/02/2025,1770.0,1810.0,1790.0
Himachal Pradesh,Kangra,SMY Baijnath,Brinjal,Brinjal,Grade A,28/09/2023,2800.0,4000.0,3000.0
Himachal Pradesh,Kangra,SMY Baijnath,Green Chilli,Green Chilly,Grade A,31/01/2026,3500.0,4300.0,4200.0
Himachal Pradesh,Kangra,SMY Baijnath,Onion,Onion,Grade B,04/06/2023,3000.0,3500.0,3200.0
Himachal Pradesh,Kangra,SMY Jaisinghpur,Tomato,Tomato,FAQ,02/01/2023,2200.0,3000.0,2600.0
Himachal Pradesh,Kangra,SMY Jaisinghpur,Cauliflower,Cauliflower,FAQ,03/11/2024,5800.0,6500.0,6200.0
Himachal Pradesh,Kangra,SMY Jaisinghpur,Apple,Kullu Delicious,Medium,06/05/2025,6000.0,18000.0,11000.0
Himachal Pradesh,Kangra,SMY Jaisinghpur,Brinjal,Brinjal,FAQ,02/02/2026,2800.0,3200.0,3000.0
Tamil Nadu,Erode,Sathiyamagalam(Uzhavar Sandhai ),Cauliflower,Ranchi,Local,16/05/2025,3000.0,3300.0,3150.0
Tamil Nadu,Erode,Sathiyamagalam(Uzhavar Sandhai ),Banana - Green,Banana - Green,Local,05/04/2026,2500.0,3000.0,2750.0
Tamil Nadu,Coimbatore,Mettupalayam(Uzhavar Sandhai ),Green Chilli,Green Chilly,Local,13/10/2024,4500.0,4800.0,4650.0
Tamil Nadu,Coimbatore,Mettupalayam(Uzhavar Sandhai ),Cabbage,Cabbage,Local,09/04/2023,3000.0,3500.0,3250.0
Telangana,Hyderabad,RYTHU BAZAR MEHDIPATNAM,Bhindi(Ladies Finger),Bhindi,Grade A,06/07/2026,3500.0,3500.0,3500.0
Telangana,Hyderabad,RYTHU BAZAR MEHDIPATNAM,Banana - Green,Banana - Green,Grade A,21/02/2025,1000.0,1000.0,1000.0
Telangana,Hyderabad,RYTHU BAZAR MEHDIPATNAM,Brinjal,Brinjal,Grade A,30/04/2023,2300.0,2300.0,2300.0
Tamil Nadu,Namakkal,Tiruchengode APMC,Cauliflower,Ranchi,Local,24/06/2026,2000.0,3000.0,2500.0
Tamil Nadu,Namakkal,Tiruchengode APMC,Carrot,Pusakesar,Local,15/02/2023,7500.0,8000.0,7750.0
Tamil Nadu,Ariyalur,Jeyankondam (Uzhavar Sandhai ),Tomato,Deshi,Local,10/08/2025,2000.0,2500.0,2250.0
Uttar Pradesh,Rampur,Bilaspur APMC,Banana,Other,Medium,23/04/2026,2100.0,2300.0,2200.0
Tamil Nadu,Coimbatore,RSPuram(Uzhavar Sandhai ),Apple,American,Local,26/01/2024,20000.0,28000.0,24000.0
Tamil Nadu,Coimbatore,RSPuram(Uzhavar Sandhai ),Bhindi(Ladies Finger),Bhindi,Local,13/04/2025,4000.0,4500.0,4250.0
Tamil Nadu,Coimbatore,RSPuram(Uzhavar Sandhai ),Carrot,Pusakesar,Local,28/05/2026,6800.0,7200.0,7000.0
Tamil Nadu,Coimbatore,RSPuram(Uzhavar Sandhai ),Cabbage,Cabbage,Local,05/08/2023,2200.0,2500.0,2350.0
Tamil Nadu,Coimbatore,Singanallur(Uzhavar Sandhai ),Apple,American,Local,27/09/2023,27000.0,28000.0,27500.0
Tamil Nadu,Coimbatore,Singanallur(Uzhavar Sandhai ),Cauliflower,Ranchi,Local,04/02/2026,4800.0,5200.0,5000.0
Tamil Nadu,Coimbatore,Singanallur(Uzhavar Sandhai ),Green Chilli,Green Chilly,Local,18/05/2025,4000.0,4500.0,4250.0
Tamil Nadu,Coimbatore,Pollachi(Uzhavar Sandhai ),Onion,Bellary,Local,10/01/2023,3500.0,4000.0,3750.0
Tamil Nadu,Coimbatore,Pollachi(Uzhavar Sandhai ),Potato,Red Nanital,Local,10/08/2024,4000.0,6500.0,5250.0
Tamil Nadu,Coimbatore,Pollachi(Uzhavar Sandhai ),Bhindi(Ladies Finger),Bhindi,Local,29/11/2024,4500.0,5000.0,4750.0
Chandigarh,Chandigarh,Chandigarh (Grain/F&V) APMC,Apple,Apple,Medium,09/11/2025,6000.0,16000.0,15000.0
Telangana,Ranga Reddy,"Vanasthalipuram,RBZ ",Banana - Green,Banana - Green,Grade A,23/03/2026,4000.0,4000.0,4000.0
Tamil Nadu,Karur,Karur(Uzhavar Sandhai ),Tomato,Deshi,Local,21/07/2024,1900.0,2400.0,2150.0
Tamil Nadu,Karur,Karur(Uzhavar Sandhai ),Onion Green,Onion Green,Local,04/07/2026,7500.0,8000.0,7750.0
Tripura,South Tripura,Manubazar,Green Chilli,Green Chilly,Grade A,25/08/2024,14000.0,16000.0,15000.0
Tripura,South Tripura,Manubazar,Potato,Jyoti,Grade A,25/12/2024,1800.0,2000.0,1900.0
Tamil Nadu,Coimbatore,Kurichi(Uzhavar Sandhai ),Bhindi(Ladies Finger),Bhindi,Local,07/01/2024,4500.0,5000.0,4750.0
Tamil Nadu,Coimbatore,Kurichi(Uzhavar Sandhai ),Green Chilli,Green Chilly,Local,11/01/2025,4200.0,4800.0,4500.0
Tamil Nadu,Cuddalore,Cuddalore(Uzhavar Sandhai ),Cauliflower,Ranchi,Local,24/07/2025,4000.0,4000.0,4000.0
Tamil Nadu,Cuddalore,Cuddalore(Uzhavar Sandhai ),Bhindi(Ladies Finger),Bhindi,Local,03/04/2026,4500.0,4500.0,4500.0
Assam,Tinsukia,Tinsukia Market,Onion,Onion,FAQ,04/12/2025,3200.0,4000.0,3600.0
Assam,Tinsukia,Tinsukia Market,Potato,Potato,FAQ,25/10/2024,900.0,1300.0,1100.0
Tamil Nadu,Nagercoil (Kannyiakumari),Vadaseri APMC,Brinjal,Round,Local,28/05/2024,9000.0,10000.0,9500.0
Tamil Nadu,Nagercoil (Kannyiakumari),Vadaseri APMC,Bhindi(Ladies Finger),Bhindi,Local,14/06/2025,5500.0,6000.0,5750.0
Tamil Nadu,Nagercoil (Kannyiakumari),Vadaseri APMC,Onion Green,Onion Green,Local,06/10/2025,7500.0,8000.0,7750.0
Tamil Nadu,Pudukkottai,Karambakkudi(Uzhavar Sandhai ),Onion,Bellary,Local,15/04/2025,4500.0,5000.0,4750.0
Tamil Nadu,Pudukkottai,Karambakkudi(Uzhavar Sandhai ),Onion Green,Onion Green,Local,09/05/2024,7000.0,8000.0,7500.0
Tamil Nadu,Vellore,Thirupathur APMC,Cauliflower,Ranchi,Local,10/10/2025,3000.0,3000.0,3000.0
Tamil Nadu,Vellore,Thirupathur APMC,Bhindi(Ladies Finger),Bhindi,Local,13/01/2025,3000.0,3000.0,3000.0
Tamil Nadu,Vellore,Vellore APMC,Tomato,Deshi,Local,24/11/2024,2200.0,2400.0,2300.0
Tamil Nadu,Vellore,Vellore APMC,Onion Green,Onion Green,Local,20/09/2024,8500.0,8500.0,8500.0
Bihar,Sheikhpura,Shekhpura APMC,Wheat,147 Average,FAQ,22/07/2024,2500.0,2675.0,2580.0
Bihar,East Champaran/ Motihari,Chakia APMC,Tomato,Deshi,Grade A,06/10/2024,3000.0,3200.0,3100.0
Tamil Nadu,Dharmapuri,Harur(Uzhavar Sandhai ),Banana,Besrai,Local,26/12/2025,4000.0,6000.0,5000.0
Tamil Nadu,Dharmapuri,Harur(Uzhavar Sandhai ),Onion,Bellary,Local,04/06/2024,4500.0,5500.0,5000.0
Tamil Nadu,Dharmapuri,Harur(Uzhavar Sandhai ),Brinjal,Round,Local,22/11/2025,3000.0,3500.0,3250.0
Tamil Nadu,Dharmapuri,Harur(Uzhavar Sandhai ),Cabbage,Cabbage,Local,14/04/2023,3000.0,3500.0,3250.0
Tamil Nadu,Krishnagiri,Kaveripattinam(Uzhavar Sandhai ),Bhindi(Ladies Finger),Bhindi,Local,05/07/2024,3000.0,3000.0,3000.0
Tamil Nadu,Krishnagiri,Kaveripattinam(Uzhavar Sandhai ),Onion Green,Onion Green,Local,03/04/2026,6000.0,7000.0,6500.0
Himachal Pradesh,Kangra,SMY Palampur,Tomato,Tomato,FAQ,09/09/2024,2000.0,2800.0,2400.0
Himachal Pradesh,Kangra,SMY Palampur,Apple,Kullu Delicious,Medium,09/12/2024,5000.0,17000.0,10000.0
Himachal Pradesh,Kangra,SMY Palampur,Carrot,Carrot,FAQ,26/06/2025,3400.0,3500.0,3450.0
Himachal Pradesh,Kangra,SMY Palampur,Bhindi(Ladies Finger),Bhindi,FAQ,27/10/2025,3000.0,3500.0,3200.0
Punjab,Tarntaran,Patti APMC,Carrot,Other,Local,18/01/2024,1400.0,1400.0,1400.0
Punjab,Tarntaran,Patti APMC,Potato,Potato,Local,27/07/2024,0.3,0.3,0.3
Punjab,Mohali,Lalru APMC,Brinjal,Other,Local,31/12/2023,3000.0,3000.0,3000.0
Gujarat,Sabarkantha,Modasa APMC,Maize,Hybrid Red (Cattle Feed),Non-FAQ,10/03/2024,2375.0,2410.0,2410.0
Gujarat,Sabarkantha,Modasa APMC,Wheat,Lokwan Gujrat,FAQ,11/10/2024,2600.0,2645.0,2645.0
Haryana,Hissar,Hansi APMC,Cauliflower,Other,FAQ,11/05/2024,4000.0,5000.0,4500.0
Haryana,Hissar,Hansi APMC,Onion,Other,FAQ,14/02/2026,4000.0,4500.0,4250.0
Punjab,Amritsar,Rayya APMC,Brinjal,Round,FAQ,01/09/2024,2038.0,2038.0,2038.0
Gujarat,Amreli,APMC Bagasara,Wheat,Lokwan Gujrat,Local,05/10/2025,2500.0,2700.0,2600.0
Himachal Pradesh,Shimla,SMY Mehndli,Apple,Royal Delicious,Grade A,20/01/2024,12500.0,65000.0,35000.0
Keralam,Kozhikode(Calicut),Perambra Market,Tomato,Tomato,FAQ,27/10/2023,2000.0,2200.0,2000.0
Keralam,Kannur,Thalasserry Market,Potato,Other,FAQ,03/06/2023,1800.0,2800.0,2200.0
Keralam,Kannur,Thalasserry Market,Carrot,Carrot,FAQ,17/07/2026,7000.0,8000.0,7500.0
Haryana,Rewari,Kosli APMC,Apple,Other,Medium,13/08/2023,8000.0,8000.0,8000.0
Haryana,Sonipat,Ganaur APMC,Potato,Potato,FAQ,17/12/2025,1000.0,1500.0,1200.0
Keralam,Kollam,Anchal Market,Banana,Rasakathai,Medium,17/12/2023,7700.0,7700.0,7700.0
Rajasthan,Jalore,Jalore APMC,Tomato,Tomato,Local,17/05/2026,1800.0,2200.0,2000.0
Keralam,Kottayam,Thalayolaparambu Market,Banana,Robusta,Medium,09/10/2023,3700.0,4000.0,3800.0
Keralam,Kottayam,Thalayolaparambu Market,Carrot,Carrot,FAQ,15/02/2025,6800.0,7300.0,7000.0
Keralam,Kozhikode(Calicut),Kallachi Market,Brinjal,Brinjal,FAQ,09/05/2024,3800.0,4200.0,4000.0
Keralam,Kozhikode(Calicut),Kallachi Market,Onion,Big,FAQ,27/01/2026,4800.0,5200.0,5000.0
Andhra Pradesh,Nandyal,Atmakur (Nandyal District) APMC,Paddy(Common),Sona,FAQ,15/08/2023,2470.0,2470.0,2470.0
Keralam,Ernakulam,Perumbavoor Market,Banana - Green,Banana - Green,Medium,05/03/2025,5500.0,7500.0,6500.0
Keralam,Ernakulam,Perumbavoor Market,Potato,Potato,Medium,05/12/2023,2800.0,4000.0,3200.0
Keralam,Ernakulam,Perumbavoor Market,Tomato,Tomato,Medium,13/05/2024,2000.0,3500.0,2600.0
Keralam,Palakad,Pattambi Market,Bhindi(Ladies Finger),Bhindi,FAQ,04/01/2024,5000.0,5500.0,5200.0
Keralam,Palakad,Pattambi Market,Cabbage,Cabbage,FAQ,11/05/2025,2000.0,2500.0,2200.0
Keralam,Palakad,Pattambi Market,Carrot,Carrot,FAQ,02/08/2025,7000.0,7500.0,7200.0
Keralam,Palakad,Pattambi Market,Green Chilli,Green Chilly,FAQ,04/09/2025,7500.0,8000.0,7800.0
Keralam,Palakad,Pattambi Market,Banana,Nendra Bale,Grade B,08/07/2023,7000.0,8000.0,7500.0
Tamil Nadu,Thirupur,Tiruppur (South) (Uzhavar Sandhai ),Tomato,Local,Local,21/10/2025,1000.0,1200.0,1100.0
Tamil Nadu,Thirupur,Tiruppur (South) (Uzhavar Sandhai ),Banana - Green,Banana - Green,Local,25/05/2026,2500.0,3000.0,2750.0
Tamil Nadu,Thirupur,Tiruppur (South) (Uzhavar Sandhai ),Onion Green,Onion Green,Local,19/04/2023,5500.0,7000.0,6250.0
Tamil Nadu,Erode,Perundurai(Uzhavar Sandhai ),Onion,Bellary,Local,19/07/2023,5000.0,5200.0,5100.0
Tamil Nadu,Erode,Perundurai(Uzhavar Sandhai ),Bhindi(Ladies Finger),Bhindi,Local,25/12/2023,3400.0,3600.0,3500.0
Tamil Nadu,Erode,Perundurai(Uzhavar Sandhai ),Cabbage,Cabbage,Local,22/05/2023,2500.0,2800.0,2650.0
Tamil Nadu,Dharmapuri,Dharmapuri(Uzhavar Sandhai ),Green Chilli,Green Chilly,Local,05/04/2024,4300.0,4600.0,4450.0
Tamil Nadu,Dharmapuri,Palacode(Uzhavar Sandhai ),Potato,Other,Local,30/05/2026,2600.0,3000.0,2800.0
Tamil Nadu,Dindigul,Chinnalapatti(Uzhavar Sandhai ),Banana,Besrai,Local,17/08/2025,5000.0,7000.0,6000.0
Tamil Nadu,Dindigul,Chinnalapatti(Uzhavar Sandhai ),Brinjal,Other,Local,15/06/2023,6000.0,7000.0,6500.0
Tamil Nadu,Dindigul,Chinnalapatti(Uzhavar Sandhai ),Banana - Green,Banana - Green,Local,18/04/2025,3000.0,3600.0,3300.0
Tamil Nadu,Dindigul,Dindigul(Uzhavar Sandhai ),Bhindi(Ladies Finger),Bhindi,Local,23/03/2026,3000.0,4000.0,3500.0
Tamil Nadu,Dindigul,Dindigul(Uzhavar Sandhai ),Green Chilli,Green Chilly,Local,03/01/2025,6000.0,7000.0,6500.0
Tamil Nadu,Kallakuruchi,Sankarapuram(Uzhavar Sandhai ),Potato,Red Nanital,Local,23/07/2024,3500.0,3500.0,3500.0
Tamil Nadu,Kallakuruchi,Sankarapuram(Uzhavar Sandhai ),Tomato,Deshi,Local,04/03/2025,2000.0,2000.0,2000.0
Tamil Nadu,Kallakuruchi,Sankarapuram(Uzhavar Sandhai ),Carrot,Pusakesar,Local,07/08/2024,10000.0,10000.0,10000.0
Tamil Nadu,Kallakuruchi,Sankarapuram(Uzhavar Sandhai ),Onion Green,Onion Green,Local,21/06/2025,8000.0,8000.0,8000.0
Tamil Nadu,Kancheepuram,Kancheepuram(Uzhavar Sandhai ),Potato,Other,Local,01/11/2025,2200.0,3000.0,2600.0
Tamil Nadu,Kancheepuram,Kancheepuram(Uzhavar Sandhai ),Brinjal,Other,Local,31/08/2023,2500.0,3000.0,2750.0
Tamil Nadu,Kancheepuram,Kancheepuram(Uzhavar Sandhai ),Tomato,Local,Local,09/06/2024,1800.0,2400.0,2100.0
Tamil Nadu,Kancheepuram,Kancheepuram(Uzhavar Sandhai ),Bhindi(Ladies Finger),Bhindi,Local,09/12/2024,3000.0,3500.0,3250.0
Tamil Nadu,Kancheepuram,Padappai(Uzhavar Sandhai ),Brinjal,Other,Local,11/04/2026,2000.0,3000.0,2500.0
Tamil Nadu,Kancheepuram,Padappai(Uzhavar Sandhai ),Tomato,Local,Local,20/05/2024,1800.0,2400.0,2100.0
Tamil Nadu,Krishnagiri,Avallapalli(Uzhavar Sandhai ),Cabbage,Cabbage,Local,21/04/2023,1000.0,1500.0,1250.0
Tamil Nadu,Dharmapuri,Karimangalam(Uzhavar Sandhai),Brinjal,Other,Local,30/10/2024,2800.0,3000.0,2900.0
Tamil Nadu,Dharmapuri,Karimangalam(Uzhavar Sandhai),Bhindi(Ladies Finger),Bhindi,Local,04/06/2025,3300.0,3500.0,3400.0
Keralam,Thirssur,Karuvannur VFPCK Market,Banana,Nendra Bale,Grade A,30/12/2023,6000.0,7200.0,7000.0
Tamil Nadu,Krishnagiri,Denkanikottai(Uzhavar Sandhai ),Banana,Elakki Bale,Local,05/03/2025,8500.0,9000.0,8750.0
Tamil Nadu,Krishnagiri,Denkanikottai(Uzhavar Sandhai ),Cauliflower,Ranchi,Local,01/06/2025,3000.0,3500.0,3250.0
Tamil Nadu,Madurai,Anaiyur(Uzhavar Sandhai ),Banana,Besrai,Local,06/01/2025,3600.0,4000.0,3800.0
Tamil Nadu,Madurai,Anaiyur(Uzhavar Sandhai ),Tomato,Deshi,Local,25/01/2023,2000.0,2400.0,2200.0
Tamil Nadu,Madurai,Anaiyur(Uzhavar Sandhai ),Green Chilli,Green Chilly,Local,29/06/2023,6000.0,7000.0,6500.0
Tamil Nadu,Madurai,Usilampatti(Uzhavar Sandhai ),Onion,Bellary,Local,13/09/2023,5500.0,6000.0,5750.0
Tamil Nadu,Madurai,Usilampatti(Uzhavar Sandhai ),Onion Green,Onion Green,Local,26/06/2026,7500.0,8000.0,7750.0
Tamil Nadu,Nagapattinam,Sirkali(Uzhavar Sandhai ),Onion,Bellary,Local,28/04/2026,4500.0,5000.0,4750.0
Tamil Nadu,Nagapattinam,Sirkali(Uzhavar Sandhai ),Onion Green,Onion Green,Local,05/06/2024,5500.0,6000.0,5750.0
Tamil Nadu,Namakkal,Kumarapalayam(Uzhavar Sandhai ),Onion,Bellary,Local,24/07/2026,2800.0,3000.0,2900.0
Tamil Nadu,Namakkal,Mohanur(Uzhavar Sandhai ),Banana - Green,Banana - Green,Local,25/06/2023,3500.0,4000.0,3750.0
Tamil Nadu,Namakkal,Mohanur(Uzhavar Sandhai ),Cabbage,Cabbage,Local,10/04/2025,3000.0,3500.0,3250.0
Tamil Nadu,Namakkal,Namakkal(Uzhavar Sandhai ),Potato,Other,Local,29/06/2025,2500.0,2800.0,2650.0
Tamil Nadu,Namakkal,Namakkal(Uzhavar Sandhai ),Green Chilli,Green Chilly,Local,23/07/2023,5000.0,6000.0,5500.0
Tamil Nadu,Namakkal,Namakkal(Uzhavar Sandhai ),Carrot,Pusakesar,Local,30/10/2025,7000.0,7800.0,7400.0
Tamil Nadu,Namakkal,Paramathivelur(Uzhavar Sandhai ),Banana,Red Banana,Local,22/12/2025,7200.0,8000.0,7600.0
Tamil Nadu,Namakkal,Paramathivelur(Uzhavar Sandhai ),Potato,Other,Local,15/09/2025,2400.0,2800.0,2600.0
Tamil Nadu,Namakkal,Paramathivelur(Uzhavar Sandhai ),Onion Green,Onion Green,Local,28/03/2025,7200.0,8000.0,7600.0
Tamil Nadu,Namakkal,Rasipuram(Uzhavar Sandhai ),Banana,Red Banana,Local,16/06/2024,7000.0,7500.0,7250.0
Tamil Nadu,Namakkal,Rasipuram(Uzhavar Sandhai ),Brinjal,Other,Local,20/01/2023,6800.0,7400.0,7100.0
Tamil Nadu,Madurai,Palanganatham(Uzhavar Sandhai ),Banana - Green,Banana - Green,Local,04/08/2025,1500.0,2000.0,1750.0
Tamil Nadu,Madurai,Palanganatham(Uzhavar Sandhai ),Carrot,Pusakesar,Local,14/12/2023,5000.0,8000.0,6500.0
Tamil Nadu,Madurai,Palanganatham(Uzhavar Sandhai ),Cabbage,Cabbage,Local,22/06/2026,2500.0,3000.0,2750.0
Tamil Nadu,Madurai,Anna nagar(Uzhavar Sandhai ),Bhindi(Ladies Finger),Bhindi,Local,22/01/2023,5000.0,6000.0,5500.0
Tamil Nadu,Madurai,Anna nagar(Uzhavar Sandhai ),Green Chilli,Green Chilly,Local,30/10/2023,6000.0,7000.0,6500.0
Tamil Nadu,Madurai,Anna nagar(Uzhavar Sandhai ),Onion Green,Onion Green,Local,24/06/2023,6000.0,8000.0,7000.0
Tamil Nadu,Perambalur,Perambalur(Uzhavar Sandhai ),Onion,Bellary,Local,22/03/2026,6000.0,6600.0,6300.0
Tamil Nadu,Perambalur,Perambalur(Uzhavar Sandhai ),Carrot,Pusakesar,Local,22/06/2026,9000.0,9000.0,9000.0
Tamil Nadu,Salem,Mecheri(Uzhavar Sandhai),Onion Green,Onion Green,Local,12/06/2026,5500.0,6000.0,5750.0
Tamil Nadu,Ranipet,Ranipettai(Uzhavar Sandhai ),Cauliflower,Ranchi,Local,02/07/2025,3000.0,4000.0,3500.0
Tamil Nadu,Salem,Ammapet(Uzhavar Sandhai ),Apple,American,Local,27/12/2023,24000.0,25000.0,24500.0
Tamil Nadu,Salem,Ammapet(Uzhavar Sandhai ),Banana,Red Banana,Local,28/06/2023,7000.0,7500.0,7250.0
Tamil Nadu,Salem,Ammapet(Uzhavar Sandhai ),Cauliflower,Ranchi,Local,25/02/2023,2500.0,3000.0,2750.0
Tamil Nadu,Salem,Ammapet(Uzhavar Sandhai ),Tomato,Local,Local,21/05/2026,1600.0,2000.0,1800.0
Tamil Nadu,Salem,Ammapet(Uzhavar Sandhai ),Banana - Green,Banana - Green,Local,06/04/2026,2500.0,2800.0,2650.0
Tamil Nadu,Salem,Mettur(Uzhavar Sandhai ),Potato,Other,Local,05/06/2024,4500.0,4500.0,4500.0
Tamil Nadu,Salem,Mettur(Uzhavar Sandhai ),Tomato,Local,Local,30/07/2024,1500.0,2000.0,1750.0
Tamil Nadu,Salem,Mettur(Uzhavar Sandhai ),Carrot,Pusakesar,Local,17/05/2025,8000.0,8500.0,8250.0
Tamil Nadu,Salem,Sooramangalam(Uzhavar Sandhai ),Onion,Bellary,Local,11/01/2023,5000.0,5500.0,5250.0
Tamil Nadu,Salem,Sooramangalam(Uzhavar Sandhai ),Brinjal,Other,Local,19/10/2025,3400.0,3600.0,3500.0
Tamil Nadu,Salem,Sooramangalam(Uzhavar Sandhai ),Tomato,Local,Local,02/02/2024,1800.0,2000.0,1900.0
Tamil Nadu,Thiruchirappalli,Thuraiyur APMC,Banana,Besrai,Local,16/12/2024,4000.0,5000.0,4500.0
Tamil Nadu,Thiruchirappalli,Thuraiyur APMC,Green Chilli,Green Chilly,Local,03/12/2023,5000.0,5500.0,5250.0
Tamil Nadu,Thiruchirappalli,Thuraiyur APMC,Carrot,Pusakesar,Local,23/03/2026,8500.0,9600.0,9050.0
Tamil Nadu,Thiruchirappalli,Thuraiyur APMC,Cabbage,Cabbage,Local,02/11/2025,3000.0,3500.0,3250.0
Tamil Nadu,Thiruchirappalli,Thuraiyur APMC,Onion Green,Onion Green,Local,03/11/2023,7000.0,8000.0,7500.0
Tamil Nadu,Salem,Thammampatti (Uzhavar Sandhai ),Cauliflower,Ranchi,Local,18/05/2025,3500.0,4000.0,3750.0
Tamil Nadu,Salem,Thammampatti (Uzhavar Sandhai ),Tomato,Deshi,Local,17/06/2023,1000.0,2000.0,1500.0
Tamil Nadu,Salem,Thammampatti (Uzhavar Sandhai ),Carrot,Pusakesar,Local,03/05/2024,8000.0,8500.0,8250.0
Tamil Nadu,Salem,Thathakapatti(Uzhavar Sandhai ),Bhindi(Ladies Finger),Bhindi,Local,04/10/2023,3400.0,3600.0,3500.0
Tamil Nadu,Salem,Thathakapatti(Uzhavar Sandhai ),Carrot,Pusakesar,Local,21/08/2025,8000.0,8400.0,8200.0
Tamil Nadu,Theni,Chinnamanur(Uzhavar Sandhai ),Cabbage,Cabbage,Local,15/02/2023,3200.0,3200.0,3200.0
Tamil Nadu,Theni,Kambam(Uzhavar Sandhai ),Onion,Bellary,Local,21/11/2025,5200.0,5400.0,5300.0
Tamil Nadu,Theni,Kambam(Uzhavar Sandhai ),Cauliflower,Ranchi,Local,28/11/2023,3000.0,3500.0,3250.0
Tamil Nadu,Theni,Kambam(Uzhavar Sandhai ),Tomato,Deshi,Local,03/01/2025,1700.0,1800.0,1750.0
Tamil Nadu,Theni,Theni(Uzhavar Sandhai ),Apple,American,Local,15/04/2025,14000.0,26000.0,20000.0
Tamil Nadu,Theni,Theni(Uzhavar Sandhai ),Cauliflower,Ranchi,Local,16/08/2025,3000.0,4000.0,3500.0
Tamil Nadu,Theni,Theni(Uzhavar Sandhai ),Brinjal,Other,Local,01/09/2024,3000.0,3600.0,3300.0
Tamil Nadu,Thirunelveli,NGO Colony(Uzhavar Sandhai ),Banana,Besrai,Local,22/06/2024,5000.0,6000.0,5500.0
Tamil Nadu,Thirunelveli,NGO Colony(Uzhavar Sandhai ),Onion,Bellary,Local,23/08/2024,4500.0,5400.0,4950.0
Tamil Nadu,Thirunelveli,NGO Colony(Uzhavar Sandhai ),Potato,Red Nanital,Local,31/07/2026,2000.0,2600.0,2300.0
Tamil Nadu,Thirunelveli,NGO Colony(Uzhavar Sandhai ),Brinjal,Round,Local,18/04/2024,4000.0,4600.0,4300.0
Tamil Nadu,Thirunelveli,NGO Colony(Uzhavar Sandhai ),Bhindi(Ladies Finger),Bhindi,Local,09/05/2025,4500.0,5000.0,4750.0
Tamil Nadu,Thirunelveli,NGO Colony(Uzhavar Sandhai ),Cabbage,Cabbage,Local,16/02/2025,2200.0,3000.0,2600.0
Tamil Nadu,Thirunelveli,NGO Colony(Uzhavar Sandhai ),Onion Green,Onion Green,Local,13/07/2025,7000.0,7500.0,7250.0
Tamil Nadu,Thirunelveli,Palayamkottai(Uzhavar Sandhai ),Potato,Other,Local,20/03/2024,2400.0,2600.0,2500.0
Tamil Nadu,Thirunelveli,Palayamkottai(Uzhavar Sandhai ),Onion Green,Onion Green,Local,27/09/2023,6000.0,7500.0,6750.0
Tamil Nadu,Thirupur,Kangayam(Uzhavar Sandhai ),Banana,Besrai,Local,04/04/2024,3500.0,4000.0,3750.0
Tamil Nadu,Thirupur,Kangayam(Uzhavar Sandhai ),Cauliflower,Ranchi,Local,03/12/2023,3000.0,3400.0,3200.0
Tamil Nadu,Thirupur,Kangayam(Uzhavar Sandhai ),Onion Green,Onion Green,Local,19/12/2023,6000.0,7200.0,6600.0
Tamil Nadu,Thiruvannamalai,Chengam(Uzhavar Sandhai ),Potato,Red Nanital,Local,23/05/2025,2500.0,3000.0,2750.0
Tamil Nadu,Thiruvannamalai,Tamarainagar(Uzhavar Sandhai ),Banana,Besrai,Local,02/08/2024,5000.0,6000.0,5500.0
Tamil Nadu,Thiruvannamalai,Tamarainagar(Uzhavar Sandhai ),Banana - Green,Banana - Green,Local,23/10/2025,3500.0,4200.0,3850.0
Tamil Nadu,Thiruvannamalai,Vandavasi(Uzhavar Sandhai ),Banana,Karpura,Local,03/12/2023,4000.0,5000.0,4500.0
Tamil Nadu,Thiruvannamalai,Vandavasi(Uzhavar Sandhai ),Banana - Green,Banana - Green,Local,21/05/2026,1600.0,2000.0,1800.0
Tamil Nadu,Pudukkottai,Gandarvakottai(Uzhavar Sandhai ),Brinjal,Other,Local,26/07/2026,4500.0,6000.0,5250.0
Tamil Nadu,Cuddalore,Panruti(Uzhavar Sandhai ),Onion,Bellary,Local,14/08/2025,4000.0,4000.0,4000.0
Tamil Nadu,Cuddalore,Vadalur(Uzhavar Sandhai ),Banana,Red Banana,Local,13/03/2025,8000.0,8000.0,8000.0
Tamil Nadu,Cuddalore,Vadalur(Uzhavar Sandhai ),Onion,Bellary,Local,29/03/2025,4000.0,5000.0,4500.0
Tamil Nadu,Cuddalore,Vadalur(Uzhavar Sandhai ),Cabbage,Cabbage,Local,25/06/2023,3000.0,3000.0,3000.0
Tamil Nadu,Karur,Velayuthampalayam(Uzhavar Sandhai ),Bhindi(Ladies Finger),Bhindi,Local,30/10/2023,3800.0,4500.0,4150.0
Tamil Nadu,Karur,Velayuthampalayam(Uzhavar Sandhai ),Green Chilli,Green Chilly,Local,03/03/2026,4000.0,5000.0,4500.0
Tamil Nadu,Karur,Vengamedu(Uzhavar Sandhai ),Banana - Green,Banana - Green,Local,17/09/2024,2500.0,3000.0,2750.0
Tamil Nadu,Theni,Devaram(Uzhavar Sandhai ),Green Chilli,Green Chilly,Local,25/03/2026,5000.0,5000.0,5000.0
Tamil Nadu,Theni,Devaram(Uzhavar Sandhai ),Banana - Green,Banana - Green,Local,23/06/2025,3500.0,3500.0,3500.0
Tamil Nadu,Sivaganga,Devakottai (Uzhavar Sandhai ),Onion,Bellary,Local,17/02/2024,3500.0,5800.0,4650.0
Tamil Nadu,Sivaganga,Devakottai (Uzhavar Sandhai ),Green Chilli,Green Chilly,Local,17/07/2025,4500.0,5000.0,4750.0
Tamil Nadu,Salem,Edapadi (Uzhavar Sandhai ),Cauliflower,Ranchi,Local,25/05/2025,2800.0,3000.0,2900.0
Tamil Nadu,Salem,Edapadi (Uzhavar Sandhai ),Bhindi(Ladies Finger),Bhindi,Local,12/05/2026,3400.0,3800.0,3600.0
Tamil Nadu,Salem,Edapadi (Uzhavar Sandhai ),Banana - Green,Banana - Green,Local,20/11/2025,2400.0,2800.0,2600.0
Tamil Nadu,Salem,Elampillai(Uzhavar Sandhai ),Banana,Red Banana,Local,13/04/2026,7000.0,7500.0,7250.0
Tamil Nadu,Salem,Elampillai(Uzhavar Sandhai ),Onion,Bellary,Local,28/04/2023,5000.0,5500.0,5250.0
Tamil Nadu,Salem,Elampillai(Uzhavar Sandhai ),Brinjal,Other,Local,30/10/2023,3500.0,4000.0,3750.0
Tamil Nadu,Salem,Hasthampatti(Uzhavar Sandhai ),Tomato,Local,Local,27/12/2025,1800.0,2200.0,2000.0
Tamil Nadu,Salem,Jalagandapuram(Uzhavar Sandhai ),Potato,Other,Local,14/06/2026,2600.0,2800.0,2700.0
Tamil Nadu,Salem,Jalagandapuram(Uzhavar Sandhai ),Brinjal,Round,Local,17/07/2023,3800.0,4000.0,3900.0
Tamil Nadu,Salem,Jalagandapuram(Uzhavar Sandhai ),Cabbage,Cabbage,Local,02/03/2025,2500.0,3000.0,2750.0
Tamil Nadu,Sivaganga,Singampunari(Uzhavar Sandhai ),Cauliflower,Ranchi,Local,14/01/2026,4200.0,5200.0,4700.0
Tamil Nadu,Sivaganga,Tirupatthur(Uzhavar Sandhai ),Cabbage,Cabbage,Local,07/12/2023,3000.0,3500.0,3250.0
Tamil Nadu,Thanjavur,Pattukottai(Uzhavar Sandhai ),Cabbage,Cabbage,Local,07/10/2025,3400.0,3400.0,3400.0
Tamil Nadu,Thanjavur,Thanjavur(Uzhavar Sandhai ),Tomato,Deshi,Local,16/05/2026,2200.0,2200.0,2200.0
Tamil Nadu,Thanjavur,Thanjavur(Uzhavar Sandhai ),Carrot,Pusakesar,Local,27/04/2023,8000.0,8000.0,8000.0
Tamil Nadu,Thiruchirappalli,Lalgudi(Uzhavar Sandhai ),Cauliflower,Ranchi,Local,16/03/2023,4000.0,4000.0,4000.0
Tamil Nadu,Thiruchirappalli,Lalgudi(Uzhavar Sandhai ),Brinjal,Other,Local,08/03/2025,6000.0,6000.0,6000.0
Tamil Nadu,Thiruchirappalli,Lalgudi(Uzhavar Sandhai ),Tomato,Local,Local,07/12/2023,2400.0,2400.0,2400.0
Tamil Nadu,Thiruchirappalli,Manachanallur(Uzhavar Sandhai ),Banana,Poovan,Local,26/03/2025,5000.0,5000.0,5000.0
Tamil Nadu,Thiruchirappalli,Manachanallur(Uzhavar Sandhai ),Cauliflower,Ranchi,Local,17/04/2024,4000.0,4000.0,4000.0
Tamil Nadu,Thiruchirappalli,Manachanallur(Uzhavar Sandhai ),Cabbage,Cabbage,Local,23/07/2025,3500.0,3500.0,3500.0
Tamil Nadu,Thiruchirappalli,Manapparai(Uzhavar Sandhai ),Cauliflower,Ranchi,Local,06/08/2024,5000.0,5000.0,5000.0
Tamil Nadu,Thiruchirappalli,Manapparai(Uzhavar Sandhai ),Cabbage,Cabbage,Local,20/01/2025,3600.0,3600.0,3600.0
Tamil Nadu,Thiruchirappalli,Manapparai(Uzhavar Sandhai ),Onion Green,Onion Green,Local,30/04/2025,7000.0,8000.0,7500.0
Tamil Nadu,Thiruchirappalli,Musiri(Uzhavar Sandhai ),Tomato,Local,Local,15/08/2024,2000.0,2000.0,2000.0
Tamil Nadu,Virudhunagar,Rajapalayam(Uzhavar Sandhai ),Banana - Green,Banana - Green,Local,04/02/2023,3000.0,3500.0,3250.0
Tamil Nadu,Virudhunagar,Sivakasi(Uzhavar Sandhai ),Onion,Bellary,Local,07/03/2025,5000.0,6000.0,5500.0
Tamil Nadu,Virudhunagar,Sivakasi(Uzhavar Sandhai ),Potato,Red Nanital,Local,14/12/2023,3500.0,4000.0,3750.0
Tamil Nadu,Virudhunagar,Sivakasi(Uzhavar Sandhai ),Banana - Green,Banana - Green,Local,13/06/2024,3500.0,4000.0,3750.0
Tamil Nadu,Virudhunagar,Thalavaipuram(Uzhavar Sandhai ),Onion,Bellary,Local,31/01/2024,4500.0,5500.0,5000.0
Tamil Nadu,Virudhunagar,Thalavaipuram(Uzhavar Sandhai ),Brinjal,Round,Local,22/07/2024,2800.0,3500.0,3150.0
Tamil Nadu,Virudhunagar,Virudhunagar(Uzhavar Sandhai ),Onion,Bellary,Local,20/05/2026,5000.0,5200.0,5100.0
Tamil Nadu,Virudhunagar,Virudhunagar(Uzhavar Sandhai ),Cauliflower,Ranchi,Local,11/10/2023,3300.0,3500.0,3400.0
Tamil Nadu,Virudhunagar,Virudhunagar(Uzhavar Sandhai ),Onion Green,Onion Green,Local,12/11/2023,6400.0,6500.0,6450.0
Tamil Nadu,Chengalpattu,Nanganallur(Uzhavar Sandhai ),Carrot,Pusakesar,Local,24/05/2026,7500.0,8000.0,7750.0
Tamil Nadu,Chengalpattu,Pallavaram(Uzhavar Sandhai ),Cauliflower,Ranchi,Local,22/04/2025,2500.0,3000.0,2750.0
Tamil Nadu,Chengalpattu,Pallavaram(Uzhavar Sandhai ),Brinjal,Round,Local,03/02/2024,3500.0,4000.0,3750.0
Tamil Nadu,Chengalpattu,Pallavaram(Uzhavar Sandhai ),Onion Green,Onion Green,Local,22/05/2024,9000.0,10000.0,9500.0
Tamil Nadu,Nagercoil (Kannyiakumari),Myladi(Uzhavar Sandhai ),Brinjal,Round,Local,01/05/2024,6500.0,7000.0,6750.0
Tamil Nadu,Nagercoil (Kannyiakumari),Myladi(Uzhavar Sandhai ),Green Chilli,Green Chilly,Local,05/09/2025,5500.0,6000.0,5750.0
Tamil Nadu,Villupuram,Tindivanam APMC,Banana,Besrai,Local,24/12/2023,5000.0,5000.0,5000.0
Tamil Nadu,Villupuram,Tindivanam APMC,Onion,Bellary,Local,04/11/2024,4800.0,4800.0,4800.0
Tamil Nadu,Villupuram,Ulundurpettai APMC,Potato,Red Nanital,Local,25/04/2026,4000.0,4000.0,4000.0
Tamil Nadu,Villupuram,Ulundurpettai APMC,Onion Green,Onion Green,Local,23/12/2025,7000.0,7000.0,7000.0
Keralam,Malappuram,Thirurrangadi Market,Carrot,Other,FAQ,27/10/2025,8500.0,8500.0,8500.0
Keralam,Malappuram,Thirurrangadi Market,Bhindi(Ladies Finger),Bhindi,FAQ,30/06/2026,5200.0,5500.0,5400.0
Maharashtra,Jalna,BHOKARDAN APMC,Maize,Yellow,Non-FAQ,15/01/2023,2100.0,2250.0,2200.0
Maharashtra,Jalna,BHOKARDAN APMC,Soyabean,Yellow,FAQ,09/08/2023,6100.0,6300.0,6200.0
Maharashtra,Pune,Pune(Moshi) APMC,Bhindi(Ladies Finger),Other,Local,08/07/2025,2000.0,3000.0,2500.0
Maharashtra,Pune,Pune(Moshi) APMC,Carrot,Other,Local,12/07/2025,2000.0,2500.0,2250.0
Gujarat,Anand,"Anand(Veg,Yard,Anand) APMC",Bhindi(Ladies Finger),Bhindi,Grade B,19/06/2023,2500.0,3000.0,2750.0
Gujarat,Sabarkantha,Modasa(Tintoi) APMC,Maize,Hybrid Red (Cattle Feed),Non-FAQ,29/06/2023,2275.0,2315.0,2315.0
Gujarat,Surat,Songadh(Badarpada) APMC,Bhindi(Ladies Finger),Bhindi,FAQ,02/09/2024,2000.0,4000.0,3000.0
Gujarat,Surat,Songadh(Umrada) APMC,Bhindi(Ladies Finger),Bhindi,FAQ,15/06/2025,2000.0,4000.0,3000.0
Gujarat,Rajkot,Dhoraji APMC,Wheat,Lokwan Gujrat,Non-FAQ,08/06/2026,2535.0,2610.0,2550.0
Gujarat,Rajkot,Gondal(Veg.market Gondal) APMC,Green Chilli,Green Chilly,Local,21/08/2025,900.0,5000.0,2950.0
Tamil Nadu,Madurai,Chokkikulam(Uzhavar Sandhai ),Banana,Besrai,Local,07/01/2026,4000.0,5000.0,4500.0
Tamil Nadu,Madurai,Chokkikulam(Uzhavar Sandhai ),Green Chilli,Green Chilly,Local,11/04/2023,6000.0,7000.0,6500.0
Gujarat,Amreli,The Agricultural Produce Market Committee-Amreli,Cotton,Other,FAQ,06/08/2025,5050.0,10200.0,9550.0
Gujarat,Surat,Surat APMC,Cauliflower,Cauliflower,FAQ,25/02/2023,1000.0,2500.0,1750.0
Gujarat,Surat,Surat APMC,Carrot,Carrot,FAQ,22/06/2023,1000.0,2600.0,1800.0
Andhra Pradesh,Markapuram,Cumbum APMC,Bengal Gram(Gram)(Whole),Desi (Whole),FAQ,07/02/2024,5700.0,5900.0,5800.0
Andhra Pradesh,Tirupathi,Srikalahasti APMC,Paddy(Common),Paddy Medium,Local,05/02/2023,2300.0,2600.0,2450.0
Andhra Pradesh,YSR Kadapa,Mydukur APMC,Paddy(Common),Masuri,Local,25/03/2026,2900.0,3100.0,3000.0
Tamil Nadu,Erode,Thalavadi(Uzhavar Sandhai ),Onion,Bellary,Local,10/06/2026,4400.0,4800.0,4600.0
Tamil Nadu,Erode,Thalavadi(Uzhavar Sandhai ),Potato,Red Nanital,Local,30/11/2023,3400.0,3800.0,3600.0
Tamil Nadu,Erode,Thalavadi(Uzhavar Sandhai ),Banana - Green,Banana - Green,Local,17/04/2026,3000.0,3400.0,3200.0
Tamil Nadu,Erode,Thalavadi(Uzhavar Sandhai ),Carrot,Pusakesar,Local,03/09/2023,7500.0,8000.0,7750.0
Tamil Nadu,Erode,Thalavadi(Uzhavar Sandhai ),Cabbage,Cabbage,Local,10/10/2023,1800.0,2200.0,2000.0
Tamil Nadu,Krishnagiri,Krishnagiri(Uzhavar Sandhai ),Onion Green,Onion Green,Local,01/01/2024,6000.0,7000.0,6500.0
Tamil Nadu,Nagapattinam,Nagapattinam(Uzhavar Sandhai ),Green Chilli,Green Chilly,Local,10/07/2026,3100.0,3800.0,3450.0
Tamil Nadu,Pudukkottai,Pudukottai(Uzhavar Sandhai ),Potato,Other,Local,16/01/2025,6000.0,7000.0,6500.0
Tamil Nadu,Pudukkottai,Pudukottai(Uzhavar Sandhai ),Cauliflower,Ranchi,Local,05/06/2023,5000.0,6000.0,5500.0
Tamil Nadu,Pudukkottai,Pudukottai(Uzhavar Sandhai ),Bhindi(Ladies Finger),Bhindi,Local,19/04/2025,4500.0,5000.0,4750.0
Tamil Nadu,Pudukkottai,Pudukottai(Uzhavar Sandhai ),Onion Green,Onion Green,Local,19/11/2025,7000.0,8000.0,7500.0
Tamil Nadu,Thanjavur,Kumbakonam (Uzhavar Sandhai ),Potato,Red Nanital,Local,21/02/2025,3600.0,3600.0,3600.0
Tamil Nadu,Thanjavur,Kumbakonam (Uzhavar Sandhai ),Cauliflower,Ranchi,Local,11/09/2023,6000.0,6000.0,6000.0
Tamil Nadu,Thanjavur,Kumbakonam (Uzhavar Sandhai ),Cabbage,Cabbage,Local,24/06/2025,3600.0,3600.0,3600.0
Tamil Nadu,The Nilgiris,Udhagamandalam(Uzhavar Sandhai ),Apple,American,Local,04/01/2024,20000.0,24000.0,22000.0
Tamil Nadu,The Nilgiris,Udhagamandalam(Uzhavar Sandhai ),Banana,Besrai,Local,11/11/2024,3500.0,5000.0,4250.0
Tamil Nadu,The Nilgiris,Udhagamandalam(Uzhavar Sandhai ),Banana - Green,Banana - Green,Local,01/05/2025,4000.0,4500.0,4250.0
West Bengal,Medinipur(E),Tamluk (Medinipur E) APMC,Onion,Onion,FAQ,18/10/2023,2400.0,2800.0,2600.0
Uttarakhand,Udhamsinghnagar,Rudrapur APMC,Potato,Other,Medium,14/07/2024,500.0,1000.0,800.0
Bihar,Sheikhpura,Barbigha APMC,Wheat,147 Average,FAQ,30/08/2023,2500.0,2700.0,2580.0
Tamil Nadu,Villupuram,Gingee(Uzhavar Sandhai ),Banana,Karpura,Local,30/06/2024,4000.0,5000.0,4500.0
Tamil Nadu,Villupuram,Gingee(Uzhavar Sandhai ),Banana - Green,Banana - Green,Local,25/02/2023,4000.0,4000.0,4000.0
Tamil Nadu,Thiruvarur,Valangaiman APMC,Green Chilli,Green Chilly,Local,14/07/2023,5000.0,5000.0,5000.0
Tamil Nadu,Thiruvarur,Valangaiman APMC,Onion Green,Onion Green,Local,04/04/2023,7000.0,7000.0,7000.0
Tamil Nadu,Thiruvellore,Tiruthani(Uzhavar Sandhai ),Banana - Green,Banana - Green,Local,09/09/2025,4000.0,4000.0,4000.0
Tamil Nadu,Vellore,Katpadi (Uzhavar Sandhai ),Cauliflower,Ranchi,Local,27/06/2026,2500.0,3000.0,2750.0
Andhra Pradesh,Kakinada,Peddapuram APMC,Paddy(Common),1001,FAQ,17/09/2024,2369.0,2390.0,2369.0
Tamil Nadu,Madurai,Thirumangalam(Uzhavar Sandhai ),Onion,Bellary,Local,15/03/2023,5500.0,6000.0,5750.0
Tamil Nadu,Madurai,Melur(Uzhavar Sandhai ),Onion,Bellary,Local,25/12/2024,5500.0,6000.0,5750.0
Tamil Nadu,Madurai,Melur(Uzhavar Sandhai ),Green Chilli,Green Chilly,Local,04/05/2026,6000.0,7000.0,6500.0
Tamil Nadu,Salem,Vazhapadi(Uzhavar Sandhai),Banana,Red Banana,Local,01/07/2024,7500.0,7500.0,7500.0
Tamil Nadu,Salem,Vazhapadi(Uzhavar Sandhai),Potato,Red Nanital,Local,31/07/2023,3000.0,3400.0,3200.0
Tamil Nadu,Salem,Vazhapadi(Uzhavar Sandhai),Banana - Green,Banana - Green,Local,20/10/2023,2500.0,2500.0,2500.0
Tamil Nadu,Karur,Gandhigramam(Uzhavar Sandhai),Banana,Other,Local,24/05/2025,5000.0,6000.0,5500.0
Tamil Nadu,Pudukkottai,Aranthangi(Uzhavar Sandhai ),Bhindi(Ladies Finger),Bhindi,Local,25/06/2023,3500.0,4000.0,3750.0
Tamil Nadu,Pudukkottai,Aranthangi(Uzhavar Sandhai ),Green Chilli,Green Chilly,Local,23/03/2024,5000.0,6000.0,5500.0
Tamil Nadu,Pudukkottai,Aranthangi(Uzhavar Sandhai ),Banana - Green,Banana - Green,Local,08/07/2023,2500.0,3000.0,2750.0
Andhra Pradesh,Annamayya,B.Kothakota H/Q Angallu,Tomato,Local,FAQ,07/01/2026,800.0,1300.0,1000.0
Tamil Nadu,Vellore,Perampet(Uzhavar Sandhai),Onion,Bellary,Local,04/05/2026,4500.0,5000.0,4750.0
Tamil Nadu,Vellore,Perampet(Uzhavar Sandhai),Brinjal,Other,Local,02/09/2024,3000.0,3600.0,3300.0
Tamil Nadu,Vellore,Perampet(Uzhavar Sandhai),Bhindi(Ladies Finger),Bhindi,Local,20/09/2024,2000.0,2600.0,2300.0
Tamil Nadu,Vellore,Perampet(Uzhavar Sandhai),Cabbage,Cabbage,Local,10/02/2023,3000.0,3000.0,3000.0
Maharashtra,Pune,Pune(Pimpri) APMC,Cauliflower,Other,Local,06/03/2026,1800.0,1800.0,1800.0
Madhya Pradesh,Badwani,Sendhwa(F&V) APMC,Brinjal,Round,Small,17/08/2023,700.0,1000.0,900.0
Tamil Nadu,Karur,Kulithalai(Uzhavar Sandhai ),Banana,Other,Local,11/06/2026,5500.0,6000.0,5750.0
Tamil Nadu,Karur,Kulithalai(Uzhavar Sandhai ),Potato,Other,Local,24/12/2023,6500.0,7000.0,6750.0
Tamil Nadu,Karur,Kulithalai(Uzhavar Sandhai ),Brinjal,Other,Local,14/08/2024,3000.0,3600.0,3300.0
Tamil Nadu,Thirupur,Dharapuram(Uzhavar Sandhai ),Brinjal,Round,Local,08/05/2023,5000.0,5500.0,5250.0
Tamil Nadu,Thirupur,Dharapuram(Uzhavar Sandhai ),Bhindi(Ladies Finger),Bhindi,Local,05/06/2025,4500.0,5000.0,4750.0
Tamil Nadu,Thirupur,Dharapuram(Uzhavar Sandhai ),Banana - Green,Banana - Green,Local,18/04/2025,2500.0,3000.0,2750.0
Tamil Nadu,Thirupur,Palladam(Uzhavar Sandhai ),Potato,Red Nanital,Local,04/06/2026,2500.0,3000.0,2750.0
Tamil Nadu,Thirupur,Palladam(Uzhavar Sandhai ),Carrot,Pusakesar,Local,16/06/2023,6000.0,6500.0,6250.0
Tamil Nadu,Thirupur,Palladam(Uzhavar Sandhai ),Onion Green,Onion Green,Local,09/01/2024,6000.0,7000.0,6500.0
Tamil Nadu,Kallakuruchi,Kallakurichi(Uzhavar Sandhai ),Potato,Red Nanital,Local,18/11/2025,3500.0,3500.0,3500.0
Tamil Nadu,Kallakuruchi,Kallakurichi(Uzhavar Sandhai ),Tomato,Other,Local,30/12/2024,2000.0,2000.0,2000.0
Tamil Nadu,Kallakuruchi,Kallakurichi(Uzhavar Sandhai ),Banana - Green,Banana - Green,Local,02/05/2023,3000.0,3000.0,3000.0
Tamil Nadu,Thirupathur,Natrampalli(Uzhavar Sandhai ),Green Chilli,Green Chilly,Local,10/02/2024,5000.0,6000.0,5500.0
Tamil Nadu,Thirupathur,Natrampalli(Uzhavar Sandhai ),Cabbage,Cabbage,Local,20/01/2023,2500.0,3000.0,2750.0
Andhra Pradesh,Srikakulam,Jalumuru APMC,Paddy(Common),1121,FAQ,22/12/2024,2369.0,2369.0,2369.0
Andhra Pradesh,Srikakulam,Kanchili APMC,Paddy(Common),1001,FAQ,25/05/2023,2400.0,2400.0,2400.0
Andhra Pradesh,Ananthapuramu,RAYADURG APMC,Paddy(Common),I.R. 64,Grade Range-1,11/01/2023,2700.0,3150.0,2900.0
Andhra Pradesh,Parvathipuram Manyam,Saluru APMC,Maize,Hybrid/Local,FAQ,10/02/2025,2600.0,2600.0,2600.0
Andhra Pradesh,Sri Sathya Sai,Puttaparthi  APMC,Maize,Local,FAQ,25/06/2025,2400.0,2500.0,2450.0
Tamil Nadu,Salem,Athur(Uzhavar Sandhai ),Cauliflower,Ranchi,Local,10/05/2024,2500.0,3000.0,2750.0
Tamil Nadu,Salem,Athur(Uzhavar Sandhai ),Tomato,Local,Local,02/12/2023,1600.0,2200.0,1900.0
Tamil Nadu,Salem,Athur(Uzhavar Sandhai ),Bhindi(Ladies Finger),Bhindi,Local,13/02/2026,3000.0,3500.0,3250.0
Tamil Nadu,Salem,Athur(Uzhavar Sandhai ),Banana - Green,Banana - Green,Local,06/04/2023,2000.0,2400.0,2200.0
Tamil Nadu,Virudhunagar,Srivilliputhur(Uzhavar Sandhai ),Cauliflower,Ranchi,Local,09/08/2024,2500.0,3000.0,2750.0
Punjab,Ludhiana,Sahnewal APMC,Tomato,Tomato,FAQ,11/10/2025,3100.0,3100.0,3100.0
Tamil Nadu,Coimbatore,Vadavalli(Uzhavar Sandhai ),Tomato,Local,Local,19/08/2023,1600.0,1900.0,1750.0
Tamil Nadu,Coimbatore,Vadavalli(Uzhavar Sandhai ),Bhindi(Ladies Finger),Bhindi,Local,26/08/2025,4000.0,4500.0,4250.0
Tamil Nadu,Coimbatore,Vadavalli(Uzhavar Sandhai ),Onion Green,Onion Green,Local,04/08/2023,7000.0,7500.0,7250.0
West Bengal,Darjeeling,Karsiyang(Matigara) APMC,Tomato,Other,FAQ,12/03/2024,3400.0,3600.0,3500.0
West Bengal,Darjeeling,Karsiyang(Matigara) APMC,Cabbage,Other,FAQ,30/08/2024,2700.0,2900.0,2800.0
West Bengal,Uttar Dinajpur,Raiganj APMC,Onion,Nasik,FAQ,22/02/2023,3000.0,3200.0,3100.0
Andhra Pradesh,YSR Kadapa,Jammalamadugu APMC,Cotton,Desi,FAQ,29/06/2025,8000.0,8500.0,8300.0
Uttar Pradesh,Bulandshahar,Gulavati APMC,Bhindi(Ladies Finger),Bhindi,FAQ,12/08/2025,3000.0,3200.0,3100.0
Tamil Nadu,Coimbatore,Udumalpet APMC,Green Chilli,Green Chilly,Local,06/06/2026,4500.0,5000.0,4750.0
Tamil Nadu,Coimbatore,Udumalpet APMC,Banana - Green,Banana - Green,Local,10/04/2025,2500.0,3000.0,2750.0
West Bengal,Darjeeling,Siliguri APMC,Rice,Fine(Basmati),FAQ,22/01/2023,5100.0,5300.0,5200.0
Tamil Nadu,Erode,Gobichettipalayam(Uzhavar Sandhai ),Onion,Bellary,Local,12/03/2025,4500.0,5000.0,4750.0
Tamil Nadu,Erode,Gobichettipalayam(Uzhavar Sandhai ),Brinjal,Round,Local,29/01/2026,4400.0,4600.0,4500.0
Tamil Nadu,Erode,Gobichettipalayam(Uzhavar Sandhai ),Green Chilli,Green Chilly,Local,10/04/2026,4000.0,4200.0,4100.0
Tamil Nadu,Erode,Sampath Nagar(Uzhavar Sandhai ),Apple,American,Local,17/03/2023,26000.0,27000.0,26500.0
Tamil Nadu,Erode,Sampath Nagar(Uzhavar Sandhai ),Onion,Bellary,Local,09/01/2026,5200.0,5600.0,5400.0
Tamil Nadu,Erode,Sampath Nagar(Uzhavar Sandhai ),Carrot,Pusakesar,Local,21/09/2024,7000.0,7500.0,7250.0
Himachal Pradesh,Shimla,SMY Rohroo,Cabbage,Other,Grade B,11/03/2023,2000.0,2200.0,2100.0
Madhya Pradesh,Ashoknagar,Chanderi APMC,Wheat,Wheat,Non-FAQ,18/01/2023,2425.0,2500.0,2500.0
Tamil Nadu,Pudukkottai,Ponnamaravathi(Uzhavar Sandhai),Onion,Bellary,Local,19/04/2024,4500.0,5000.0,4750.0
Tamil Nadu,Pudukkottai,Ponnamaravathi(Uzhavar Sandhai),Green Chilli,Green Chilly,Local,08/05/2024,6000.0,6500.0,6250.0
Tamil Nadu,Nagapattinam,Mayiladuthurai(Uzhavar Sandhai ),Bhindi(Ladies Finger),Bhindi,Local,01/01/2023,4500.0,5000.0,4750.0
Tamil Nadu,Pudukkottai,Viralimalai(Uzhavar Sandhai ),Tomato,Deshi,Local,17/05/2026,2000.0,2500.0,2250.0
West Bengal,Uttar Dinajpur,Islampur APMC,Brinjal,Brinjal,FAQ,08/07/2026,3800.0,4200.0,4000.0
Tamil Nadu,Ramanathapuram,Paramakudi(Uzhavar Sandhai ),Brinjal,Round,Local,26/03/2023,5500.0,6000.0,5750.0
Tamil Nadu,Ramanathapuram,Paramakudi(Uzhavar Sandhai ),Carrot,Pusakesar,Local,15/12/2025,7500.0,8000.0,7750.0
Tamil Nadu,Ramanathapuram,Ramanathapuram(Uzhavar Sandhai ),Bhindi(Ladies Finger),Bhindi,Local,15/06/2023,4500.0,5000.0,4750.0
Tamil Nadu,Ramanathapuram,Ramanathapuram(Uzhavar Sandhai ),Carrot,Pusakesar,Local,23/01/2025,8000.0,8500.0,8250.0
Tamil Nadu,Pudukkottai,Alangudi(Uzhavar Sandhai ),Potato,Other,Local,08/07/2024,7000.0,8000.0,7500.0
Tamil Nadu,Pudukkottai,Alangudi(Uzhavar Sandhai ),Brinjal,Other,Local,31/10/2023,6000.0,7000.0,6500.0
Tamil Nadu,Thiruvannamalai,Arani(Uzhavar Sandhai ),Onion,Bellary,Local,23/07/2026,5000.0,6000.0,5500.0
Tamil Nadu,Thiruvannamalai,Arani(Uzhavar Sandhai ),Brinjal,Round,Local,30/10/2025,3800.0,4500.0,4150.0
Tamil Nadu,Thiruvannamalai,Arani(Uzhavar Sandhai ),Tomato,Deshi,Local,29/11/2024,1500.0,2000.0,1750.0
Tamil Nadu,Thiruvannamalai,Tiruvannamalai(Uzhavar Sandhai ),Bhindi(Ladies Finger),Bhindi,Local,06/06/2025,3000.0,3600.0,3300.0
Tamil Nadu,Thiruvannamalai,Tiruvannamalai(Uzhavar Sandhai ),Green Chilli,Green Chilly,Local,23/04/2025,5000.0,6000.0,5500.0
Tamil Nadu,Tuticorin,Kovilpatti(Uzhavar Sandhai ),Banana,Other,Local,16/09/2025,3500.0,4000.0,3750.0
Tamil Nadu,Tuticorin,Kovilpatti(Uzhavar Sandhai ),Potato,Other,Local,25/03/2026,3500.0,4000.0,3750.0
Tamil Nadu,Tuticorin,Kovilpatti(Uzhavar Sandhai ),Cauliflower,Ranchi,Local,03/12/2023,5000.0,5500.0,5250.0
Tamil Nadu,Tuticorin,Kovilpatti(Uzhavar Sandhai ),Bhindi(Ladies Finger),Bhindi,Local,17/12/2024,4000.0,4500.0,4250.0
Tamil Nadu,Vellore,Gudiyatham(Uzhavar Sandhai ),Green Chilli,Green Chilly,Local,28/04/2024,7600.0,7600.0,7600.0
Tamil Nadu,Vellore,Gudiyatham(Uzhavar Sandhai ),Banana - Green,Banana - Green,Local,02/06/2026,3500.0,3500.0,3500.0
Tamil Nadu,Vellore,Kahithapattarai(Uzhavar Sandhai ),Brinjal,Other,Local,29/04/2026,4000.0,4000.0,4000.0
Andhra Pradesh,YSR Kadapa,Badvel APMC,Paddy(Common),Masuri,Local,29/06/2023,2360.0,2420.0,2380.0
Punjab,Ludhiana,Ludhiana APMC,Cauliflower,Other,FAQ,06/01/2026,1400.0,3300.0,2300.0
Odisha,Dhenkanal,Hindol APMC,Brinjal,Brinjal,Grade B,25/10/2025,4000.0,5000.0,4500.0
Andhra Pradesh,Srikakulam,Amadalavalasa APMC,Paddy(Common),Paddy,FAQ,08/01/2024,2369.0,2369.0,2369.0
Keralam,Kottayam,Pampady Market,Onion,Big,FAQ,06/01/2023,4400.0,5000.0,4500.0
Keralam,Kottayam,Pampady Market,Tomato,Tomato,FAQ,15/05/2023,2700.0,4000.0,3000.0
Tamil Nadu,Thiruvannamalai,Cheyyar(Uzhavar Sandhai ),Onion,Bellary,Local,22/03/2023,4800.0,6000.0,5400.0
Tamil Nadu,Thiruvannamalai,Cheyyar(Uzhavar Sandhai ),Potato,Other,Local,15/02/2026,3200.0,4000.0,3600.0
Tamil Nadu,Thiruvannamalai,Cheyyar(Uzhavar Sandhai ),Carrot,Pusakesar,Local,22/09/2025,6000.0,7200.0,6600.0
Andhra Pradesh,Anakapally,Chodavaram APMC,Paddy(Common),Paddy,Local,06/05/2026,2200.0,2400.0,2300.0
Andhra Pradesh,Markapuram,Markapur APMC,Bengal Gram(Gram)(Whole),Desi (Whole),FAQ,16/02/2025,5450.0,5450.0,5450.0
Uttarakhand,Udhamsinghnagar,Bazpur APMC,Rice,Common,FAQ,14/03/2024,3850.0,3850.0,3850.0
Odisha,Cuttack,Banki APMC,Banana - Green,Banana - Green,Medium,12/10/2023,1200.0,1800.0,1500.0
Odisha,Cuttack,Banki APMC,Green Chilli,Other,Medium,21/08/2024,6000.0,7000.0,6500.0
Odisha,Cuttack,Banki APMC,Tomato,Tomato,FAQ,28/12/2023,3000.0,4000.0,3500.0
Uttarakhand,Haridwar,Haridwar Union APMC,Bhindi(Ladies Finger),Other,Local,23/10/2023,1100.0,1500.0,1300.0
Uttarakhand,Haridwar,Haridwar Union APMC,Potato,Other,Medium,19/02/2023,850.0,1200.0,1000.0
Odisha,Boudh,Boudh APMC,Brinjal,Other,Local,29/05/2023,6000.0,7000.0,6500.0
Odisha,Boudh,Boudh APMC,Tomato,Other,Local,08/05/2023,2500.0,3500.0,3000.0
Keralam,Alappuzha,Chengannur Market,Cauliflower,Other,FAQ,02/12/2024,4800.0,5300.0,5000.0
Keralam,Alappuzha,Chengannur Market,Onion,Small,FAQ,24/09/2023,7900.0,8200.0,8000.0
Keralam,Alappuzha,Chengannur Market,Green Chilli,Green Chilly,FAQ,23/08/2025,4800.0,5000.0,5000.0
Tamil Nadu,Coimbatore,Sundarapuram(Uzhavar Sandhai ),Banana - Green,Banana - Green,Local,04/06/2024,3500.0,4000.0,3750.0
Odisha,Kalahandi,Kalahandi(Dharamagarh) APMC,Tomato,Other,Grade B,09/04/2023,2600.0,3000.0,2800.0
Himachal Pradesh,Kangra,SMY Baijnath,Banana,Banana - Ripe,Grade B,30/07/2024,3600.0,3800.0,3700.0
Himachal Pradesh,Kangra,SMY Jaisinghpur,Cabbage,Cabbage,FAQ,06/02/2024,2800.0,3800.0,3200.0
Tamil Nadu,Erode,Sathiyamagalam(Uzhavar Sandhai ),Potato,Other,Local,04/04/2026,3500.0,4000.0,3750.0
Tamil Nadu,Erode,Sathiyamagalam(Uzhavar Sandhai ),Brinjal,Other,Local,19/07/2023,4400.0,4800.0,4600.0
Tamil Nadu,Erode,Sathiyamagalam(Uzhavar Sandhai ),Cabbage,Cabbage,Local,14/09/2025,2800.0,3200.0,3000.0
Tamil Nadu,Erode,Sathiyamagalam(Uzhavar Sandhai ),Onion Green,Onion Green,Local,13/10/2023,6000.0,6500.0,6250.0
Tamil Nadu,Coimbatore,Mettupalayam(Uzhavar Sandhai ),Banana,Besrai,Local,09/06/2026,4000.0,8000.0,6000.0
Tamil Nadu,Coimbatore,Mettupalayam(Uzhavar Sandhai ),Banana - Green,Banana - Green,Local,03/02/2026,4500.0,5000.0,4750.0
Tamil Nadu,Coimbatore,Mettupalayam(Uzhavar Sandhai ),Onion Green,Onion Green,Local,05/03/2024,7000.0,7500.0,7250.0
Telangana,Hyderabad,RYTHU BAZAR MEHDIPATNAM,Potato,Potato,Grade A,20/06/2025,1600.0,1600.0,1600.0
Telangana,Hyderabad,RYTHU BAZAR MEHDIPATNAM,Tomato,Deshi,Grade A,02/08/2024,1300.0,1300.0,1300.0
Telangana,Hyderabad,RYTHU BAZAR MEHDIPATNAM,Onion,1st Sort,Grade A,14/02/2025,4000.0,4000.0,4000.0
Tamil Nadu,Namakkal,Tiruchengode APMC,Potato,Other,Local,26/03/2026,2800.0,3000.0,2900.0
Tamil Nadu,Namakkal,Tiruchengode APMC,Onion Green,Onion Green,Local,01/07/2023,5000.0,7000.0,6000.0
Tamil Nadu,Ariyalur,Jeyankondam (Uzhavar Sandhai ),Bhindi(Ladies Finger),Bhindi,Local,03/12/2024,3000.0,3500.0,3250.0
Tamil Nadu,Coimbatore,RSPuram(Uzhavar Sandhai ),Banana,Red Banana,Local,19/03/2025,8000.0,8600.0,8300.0
Tamil Nadu,Coimbatore,RSPuram(Uzhavar Sandhai ),Potato,Other,Local,11/02/2025,6000.0,6500.0,6250.0
Tamil Nadu,Coimbatore,RSPuram(Uzhavar Sandhai ),Banana - Green,Banana - Green,Local,03/11/2025,3500.0,3800.0,3650.0
Tamil Nadu,Coimbatore,Singanallur(Uzhavar Sandhai ),Cabbage,Cabbage,Local,27/04/2023,2600.0,3200.0,2900.0
Tamil Nadu,Coimbatore,Pollachi(Uzhavar Sandhai ),Banana,Red Banana,Local,23/07/2025,7000.0,8000.0,7500.0
Tamil Nadu,Coimbatore,Pollachi(Uzhavar Sandhai ),Cauliflower,Ranchi,Local,21/02/2025,4000.0,4500.0,4250.0
Tamil Nadu,Coimbatore,Pollachi(Uzhavar Sandhai ),Brinjal,Other,Local,18/01/2024,4500.0,5000.0,4750.0
Tamil Nadu,Coimbatore,Pollachi(Uzhavar Sandhai ),Green Chilli,Green Chilly,Local,19/09/2025,7000.0,8000.0,7500.0
Tamil Nadu,Coimbatore,Pollachi(Uzhavar Sandhai ),Cabbage,Cabbage,Local,23/08/2024,3500.0,4200.0,3850.0
Tamil Nadu,Coimbatore,Pollachi(Uzhavar Sandhai ),Onion Green,Onion Green,Local,28/04/2025,5500.0,6000.0,5750.0
Uttar Pradesh,Shamli,Kairana APMC,Brinjal,Round/Long,FAQ,08/03/2025,1000.0,1100.0,1050.0
Telangana,Ranga Reddy,"Vanasthalipuram,RBZ ",Carrot,Carrot,Grade A,17/10/2024,3500.0,3500.0,3500.0
Telangana,Ranga Reddy,"Vanasthalipuram,RBZ ",Cabbage,Cabbage,Grade A,28/02/2025,1300.0,1300.0,1300.0
Tamil Nadu,Karur,Karur(Uzhavar Sandhai ),Brinjal,Other,Local,28/10/2025,4000.0,5000.0,4500.0
Tamil Nadu,Karur,Karur(Uzhavar Sandhai ),Banana - Green,Banana - Green,Local,01/06/2023,2500.0,3000.0,2750.0
Tamil Nadu,Karur,Karur(Uzhavar Sandhai ),Cabbage,Cabbage,Local,24/07/2023,4500.0,5000.0,4750.0
Tripura,South Tripura,Manubazar,Tomato,Hybrid,Grade A,05/03/2024,4800.0,5000.0,4900.0
Tripura,South Tripura,Manubazar,Onion,1st Sort,Grade A,30/01/2026,4000.0,4500.0,4200.0
Tripura,South Tripura,Manubazar,Bhindi(Ladies Finger),Bhindi,Grade A,19/03/2024,3800.0,4000.0,3900.0
Tamil Nadu,Coimbatore,Kurichi(Uzhavar Sandhai ),Banana - Green,Banana - Green,Local,17/10/2024,3500.0,4000.0,3750.0
Tamil Nadu,Cuddalore,Cuddalore(Uzhavar Sandhai ),Onion,Bellary,Local,09/08/2025,5000.0,6000.0,5500.0
Tamil Nadu,Chengalpattu,Thirukalukundram(Uzhavar Sandhai ),Banana - Green,Banana - Green,Local,14/02/2025,3000.0,3500.0,3250.0
Madhya Pradesh,Ujjain,Ujjain APMC,Onion,Onion,FAQ,22/06/2024,3008.83,3008.83,3008.83
Bihar,Saharsa,Saharsa APMC,Potato,Local,FAQ,08/06/2023,1000.0,1200.0,1100.0
Tamil Nadu,Nagercoil (Kannyiakumari),Vadaseri APMC,Onion,Bellary,Local,11/03/2023,6500.0,7000.0,6750.0
Tamil Nadu,Pudukkottai,Karambakkudi(Uzhavar Sandhai ),Tomato,Other,Local,13/12/2024,2000.0,2500.0,2250.0
Tamil Nadu,Vellore,Thirupathur APMC,Green Chilli,Green Chilly,Local,09/07/2026,7000.0,7000.0,7000.0
Tamil Nadu,Vellore,Thirupathur APMC,Cabbage,Cabbage,Local,16/03/2024,3400.0,3400.0,3400.0
Tamil Nadu,Dharmapuri,Harur(Uzhavar Sandhai ),Bhindi(Ladies Finger),Bhindi,Local,27/02/2023,2500.0,3000.0,2750.0
Tamil Nadu,Dharmapuri,Harur(Uzhavar Sandhai ),Banana - Green,Banana - Green,Local,09/06/2023,2000.0,2500.0,2250.0
Tamil Nadu,Krishnagiri,Kaveripattinam(Uzhavar Sandhai ),Onion,Bellary,Local,18/11/2025,4000.0,4000.0,4000.0
Tamil Nadu,Krishnagiri,Kaveripattinam(Uzhavar Sandhai ),Potato,Red Nanital,Local,15/06/2025,4000.0,4000.0,4000.0
Tamil Nadu,Krishnagiri,Kaveripattinam(Uzhavar Sandhai ),Banana - Green,Banana - Green,Local,18/07/2025,2500.0,3000.0,2750.0
Tamil Nadu,Krishnagiri,Kaveripattinam(Uzhavar Sandhai ),Carrot,Pusakesar,Local,21/10/2024,7000.0,7000.0,7000.0
Gujarat,Ahmedabad,Viramgam APMC,Wheat,Other,Local,24/07/2023,2550.0,2605.0,2580.0
Himachal Pradesh,Kangra,SMY Palampur,Potato,Potato,FAQ,15/07/2024,1000.0,2000.0,1500.0
Gujarat,Ahmedabad,Sanad APMC,Wheat,Sharbati,FAQ,18/05/2026,2640.0,2640.0,2640.0
Punjab,Tarntaran,Patti APMC,Cauliflower,Other,Local,02/02/2024,1000.0,1000.0,1000.0
Punjab,Tarntaran,Patti APMC,Apple,Other,Grade B,13/04/2026,3800.0,3800.0,3800.0
Odisha,Jharsuguda,Jharsuguda APMC,Onion,Other,Grade A,10/02/2024,3500.0,4000.0,3500.0
Gujarat,Sabarkantha,Modasa APMC,Bajra(Pearl Millet/Cumbu),Hybrid,Non-FAQ,15/09/2023,2250.0,2325.0,2325.0
Haryana,Hissar,Hansi APMC,Cabbage,Other,FAQ,27/01/2024,2500.0,3000.0,2750.0
Haryana,Hissar,Hansi APMC,Tomato,Other,FAQ,14/10/2024,2500.0,3500.0,3000.0
Nagaland,Dimapur,Dimapur APMC,Brinjal,Brinjal,Local,17/05/2026,3000.0,4000.0,3500.0
Gujarat,Amreli,APMC Bagasara,Bengal Gram(Gram)(Whole),Desi (Whole),Local,11/12/2023,5000.0,5500.0,5250.0
Uttarakhand,Haridwar,Lakshar APMC,Wheat,Other,Local,08/04/2023,2585.0,2600.0,2600.0
Himachal Pradesh,Kullu,SMY Khegsu,Apple,Other,Medium,29/12/2024,2000.0,13000.0,6000.0
Chattisgarh,Khairagarh Chhuikhadan Gandai,Kheragarh APMC,Paddy(Common),D.B.,Non-FAQ,12/04/2026,2100.0,2300.0,2200.0
Andhra Pradesh,Prakasam,Maddipadu APMC,Bajra(Pearl Millet/Cumbu),Bold,FAQ,25/03/2026,2550.0,2550.0,2550.0
Keralam,Kozhikode(Calicut),Perambra Market,Bhindi(Ladies Finger),Other,FAQ,14/05/2026,5000.0,6000.0,5500.0
Keralam,Kozhikode(Calicut),Perambra Market,Cabbage,Other,FAQ,01/02/2024,2800.0,3000.0,3000.0
Keralam,Kozhikode(Calicut),Perambra Market,Green Chilli,Other,FAQ,24/03/2025,5000.0,6000.0,5000.0
Keralam,Kozhikode(Calicut),Perambra Market,Potato,Other,FAQ,19/12/2025,2000.0,2400.0,2200.0
Keralam,Alappuzha,Cherthala Market,Carrot,Carrot,FAQ,26/12/2023,10000.0,10002.0,10001.0
Keralam,Kannur,Thalasserry Market,Banana,Other,Small,26/03/2024,7200.0,8300.0,7700.0
Haryana,Rewari,Kosli APMC,Banana,Other,Medium,08/02/2024,2000.0,2000.0,2000.0
Haryana,Rewari,Kosli APMC,Tomato,Other,FAQ,03/10/2025,2500.0,2500.0,2500.0
Haryana,Rewari,Kosli APMC,Onion,Other,FAQ,14/06/2024,2500.0,2500.0,2500.0
Haryana,Sonipat,Ganaur APMC,Onion,Onion,FAQ,17/06/2024,4000.0,5000.0,4500.0
Haryana,Sonipat,Ganaur APMC,Bhindi(Ladies Finger),Bhindi,Medium,02/11/2024,3000.0,4000.0,3500.0
Keralam,Kollam,Anchal Market,Bhindi(Ladies Finger),Bhindi,Local,12/02/2025,5100.0,5100.0,5100.0
Keralam,Kollam,Anchal Market,Banana,Poovan,Medium,24/06/2023,8300.0,8300.0,8300.0
Keralam,Kollam,Anchal Market,Carrot,Carrot,Medium,10/05/2024,5700.0,5700.0,5700.0
Keralam,Kollam,Anchal Market,Cauliflower,Cauliflower,Medium,27/02/2025,6700.0,6700.0,6700.0
Keralam,Kollam,Anchal Market,Onion,Small,Local,17/03/2026,4500.0,4500.0,4500.0
Keralam,Kollam,Anchal Market,Potato,Potato,Local,31/12/2023,4700.0,4700.0,4700.0
Rajasthan,Jalore,Jalore APMC,Brinjal,Brinjal,Local,22/03/2023,1500.0,2000.0,1800.0
Keralam,Kottayam,Kottayam Market,Rice,Other,FAQ,25/03/2023,4400.0,5400.0,4900.0
Odisha,Bolangir,Kantabaji APMC,Brinjal,Other,Grade B,10/02/2023,2000.0,3000.0,2500.0
Odisha,Bolangir,Kantabaji APMC,Cabbage,Cabbage,Grade B,14/07/2026,2500.0,3500.0,3000.0
Andhra Pradesh,Tirupathi,Vakadu APMC,Paddy(Common),B P T,Local,17/11/2024,2389.0,2410.0,2400.0
Keralam,Kottayam,Thalayolaparambu Market,Banana,Palayamthodan,Medium,30/12/2023,3600.0,4000.0,3800.0
Keralam,Kottayam,Thalayolaparambu Market,Onion,Onion,FAQ,19/01/2025,6800.0,7200.0,7000.0
Keralam,Kozhikode(Calicut),Kallachi Market,Banana - Green,Banana - Green,FAQ,19/06/2023,6600.0,7000.0,6800.0
Keralam,Kozhikode(Calicut),Kallachi Market,Cauliflower,Other,FAQ,03/06/2026,3800.0,4200.0,4000.0
Keralam,Kozhikode(Calicut),Kallachi Market,Tomato,Tomato,FAQ,23/11/2023,1800.0,2200.0,2000.0
Keralam,Alappuzha,Harippad Market,Carrot,Other,FAQ,22/07/2026,7000.0,7500.0,7000.0
Keralam,Kottayam,Kuruppanthura Market,Green Chilli,Other,FAQ,22/01/2025,5600.0,6000.0,5800.0
Keralam,Ernakulam,Perumbavoor Market,Brinjal,Brinjal,Medium,15/03/2023,2800.0,4800.0,3800.0
Keralam,Palakad,Pattambi Market,Brinjal,Brinjal,FAQ,08/08/2025,4000.0,5000.0,4500.0
Keralam,Palakad,Pattambi Market,Onion,Big,FAQ,18/07/2026,4700.0,5000.0,4800.0
Keralam,Palakad,Pattambi Market,Tomato,Tomato,FAQ,10/11/2023,1800.0,2000.0,1900.0
Tamil Nadu,Thirupur,Tiruppur (South) (Uzhavar Sandhai ),Bhindi(Ladies Finger),Bhindi,Local,21/02/2026,4000.0,5000.0,4500.0
Tamil Nadu,Thirupur,Tiruppur (South) (Uzhavar Sandhai ),Carrot,Pusakesar,Local,07/07/2025,5000.0,6000.0,5500.0
Tamil Nadu,Erode,Perundurai(Uzhavar Sandhai ),Onion Green,Onion Green,Local,30/03/2023,6500.0,6800.0,6650.0
Tamil Nadu,Dharmapuri,Dharmapuri(Uzhavar Sandhai ),Cauliflower,Ranchi,Local,02/03/2023,4200.0,4500.0,4350.0
Tamil Nadu,Dharmapuri,Dharmapuri(Uzhavar Sandhai ),Banana - Green,Banana - Green,Local,20/05/2026,2800.0,3000.0,2900.0
Tamil Nadu,Dharmapuri,Palacode(Uzhavar Sandhai ),Onion Green,Onion Green,Local,16/07/2023,5500.0,6000.0,5750.0
Tamil Nadu,Dharmapuri,Pennagaram(Uzhavar Sandhai ),Banana,Besrai,Local,02/06/2026,4600.0,5000.0,4800.0
Tamil Nadu,Dharmapuri,Pennagaram(Uzhavar Sandhai ),Potato,Red Nanital,Local,24/04/2026,3300.0,3500.0,3400.0
Tamil Nadu,Dharmapuri,Pennagaram(Uzhavar Sandhai ),Tomato,Local,Local,11/04/2024,1800.0,2000.0,1900.0
Tamil Nadu,Dharmapuri,Pennagaram(Uzhavar Sandhai ),Bhindi(Ladies Finger),Bhindi,Local,13/10/2024,3300.0,3500.0,3400.0
Tamil Nadu,Dindigul,Chinnalapatti(Uzhavar Sandhai ),Green Chilli,Green Chilly,Local,18/01/2024,5000.0,6000.0,5500.0
Tamil Nadu,Dindigul,Chinnalapatti(Uzhavar Sandhai ),Onion Green,Onion Green,Local,13/01/2024,5000.0,6000.0,5500.0
Tamil Nadu,Dindigul,Dindigul(Uzhavar Sandhai ),Brinjal,Other,Local,18/01/2026,6000.0,8000.0,7000.0
Tamil Nadu,Dindigul,Dindigul(Uzhavar Sandhai ),Tomato,Deshi,Local,08/06/2025,2000.0,2400.0,2200.0
Tamil Nadu,Dindigul,Dindigul(Uzhavar Sandhai ),Carrot,Pusakesar,Local,12/12/2023,8000.0,9000.0,8500.0
Tamil Nadu,Erode,Periyar Nagar(Uzhavar Sandhai ),Banana,Besrai,Local,06/07/2026,2400.0,2800.0,2600.0
Tamil Nadu,Kallakuruchi,Sankarapuram(Uzhavar Sandhai ),Brinjal,Round,Local,10/03/2026,5000.0,5000.0,5000.0
Tamil Nadu,Kancheepuram,Kancheepuram(Uzhavar Sandhai ),Banana,Karpura,Local,22/02/2023,4000.0,5000.0,4500.0
Tamil Nadu,Kancheepuram,Kancheepuram(Uzhavar Sandhai ),Onion Green,Onion Green,Local,02/06/2026,5000.0,6000.0,5500.0
Tamil Nadu,Kancheepuram,Padappai(Uzhavar Sandhai ),Onion Green,Onion Green,Local,05/05/2026,5000.0,6000.0,5500.0
Tamil Nadu,Krishnagiri,Avallapalli(Uzhavar Sandhai ),Brinjal,Round,Local,03/07/2023,3500.0,4000.0,3750.0
Tamil Nadu,Dharmapuri,Karimangalam(Uzhavar Sandhai),Onion Green,Onion Green,Local,12/08/2023,4500.0,5000.0,4750.0
Tamil Nadu,Krishnagiri,Denkanikottai(Uzhavar Sandhai ),Banana - Green,Banana - Green,Local,05/08/2024,4000.0,4500.0,4250.0
Tamil Nadu,Madurai,Anaiyur(Uzhavar Sandhai ),Apple,American,Local,25/02/2026,26000.0,27000.0,26500.0
Tamil Nadu,Madurai,Anaiyur(Uzhavar Sandhai ),Cauliflower,Ranchi,Local,19/12/2025,3500.0,4000.0,3750.0
Tamil Nadu,Madurai,Anaiyur(Uzhavar Sandhai ),Cabbage,Cabbage,Local,16/12/2023,2600.0,3000.0,2800.0
Tamil Nadu,Madurai,Usilampatti(Uzhavar Sandhai ),Bhindi(Ladies Finger),Bhindi,Local,18/07/2026,5000.0,6000.0,5500.0
Tamil Nadu,Nagapattinam,Sirkali(Uzhavar Sandhai ),Bhindi(Ladies Finger),Bhindi,Local,06/05/2023,4500.0,5000.0,4750.0
Tamil Nadu,Nagapattinam,Sirkali(Uzhavar Sandhai ),Banana - Green,Banana - Green,Local,16/07/2026,2500.0,3000.0,2750.0
Tamil Nadu,Namakkal,Kumarapalayam(Uzhavar Sandhai ),Cauliflower,Ranchi,Local,14/08/2023,3000.0,4000.0,3500.0
Tamil Nadu,Namakkal,Kumarapalayam(Uzhavar Sandhai ),Bhindi(Ladies Finger),Bhindi,Local,10/09/2025,2600.0,3400.0,3000.0
Tamil Nadu,Namakkal,Mohanur(Uzhavar Sandhai ),Banana,Red Banana,Local,01/04/2026,7000.0,8000.0,7500.0
Tamil Nadu,Namakkal,Mohanur(Uzhavar Sandhai ),Cauliflower,Ranchi,Local,22/03/2026,3500.0,4000.0,3750.0
Tamil Nadu,Namakkal,Mohanur(Uzhavar Sandhai ),Brinjal,Other,Local,29/09/2024,6000.0,6800.0,6400.0
Tamil Nadu,Namakkal,Mohanur(Uzhavar Sandhai ),Carrot,Pusakesar,Local,01/01/2024,8000.0,9000.0,8500.0
Tamil Nadu,Namakkal,Namakkal(Uzhavar Sandhai ),Banana,Red Banana,Local,09/08/2023,7000.0,8000.0,7500.0
Tamil Nadu,Namakkal,Namakkal(Uzhavar Sandhai ),Brinjal,Other,Local,16/03/2023,7000.0,7800.0,7400.0
Tamil Nadu,Namakkal,Namakkal(Uzhavar Sandhai ),Cabbage,Cabbage,Local,03/11/2025,2500.0,2800.0,2650.0
Tamil Nadu,Namakkal,Paramathivelur(Uzhavar Sandhai ),Cauliflower,Ranchi,Local,29/08/2025,3500.0,4000.0,3750.0
Tamil Nadu,Namakkal,Paramathivelur(Uzhavar Sandhai ),Banana - Green,Banana - Green,Local,08/04/2023,3500.0,4000.0,3750.0
Tamil Nadu,Namakkal,Paramathivelur(Uzhavar Sandhai ),Cabbage,Cabbage,Local,22/07/2026,2400.0,2800.0,2600.0
Tamil Nadu,Namakkal,Rasipuram(Uzhavar Sandhai ),Potato,Other,Local,30/11/2025,3000.0,3500.0,3250.0
Tamil Nadu,Namakkal,Rasipuram(Uzhavar Sandhai ),Cauliflower,Ranchi,Local,24/06/2024,3000.0,4000.0,3500.0
Tamil Nadu,Namakkal,Rasipuram(Uzhavar Sandhai ),Cabbage,Cabbage,Local,27/06/2024,3800.0,4000.0,3900.0
Tamil Nadu,Madurai,Palanganatham(Uzhavar Sandhai ),Cauliflower,Ranchi,Local,14/03/2025,4000.0,5000.0,4500.0
Tamil Nadu,Madurai,Palanganatham(Uzhavar Sandhai ),Brinjal,Other,Local,07/08/2023,4000.0,4500.0,4250.0
Tamil Nadu,Madurai,Palanganatham(Uzhavar Sandhai ),Bhindi(Ladies Finger),Bhindi,Local,02/05/2026,5000.0,6000.0,5500.0
Tamil Nadu,Madurai,Anna nagar(Uzhavar Sandhai ),Soyabean,Local,Local,05/05/2023,10000.0,11000.0,10500.0
Tamil Nadu,Madurai,Anna nagar(Uzhavar Sandhai ),Potato,Red Nanital,Local,01/02/2026,5000.0,6000.0,5500.0
Tamil Nadu,Madurai,Anna nagar(Uzhavar Sandhai ),Carrot,Pusakesar,Local,15/01/2023,7000.0,8000.0,7500.0
Tamil Nadu,Perambalur,Perambalur(Uzhavar Sandhai ),Apple,American,Local,01/08/2025,22000.0,25000.0,23500.0
Tamil Nadu,Perambalur,Perambalur(Uzhavar Sandhai ),Banana - Green,Banana - Green,Local,28/03/2023,3000.0,4000.0,3500.0
Tamil Nadu,Salem,Mecheri(Uzhavar Sandhai),Bhindi(Ladies Finger),Bhindi,Local,06/07/2024,3000.0,3500.0,3250.0
Tamil Nadu,Salem,Mecheri(Uzhavar Sandhai),Green Chilli,Green Chilly,Local,09/09/2024,4500.0,5000.0,4750.0
Tamil Nadu,Ranipet,Ranipettai(Uzhavar Sandhai ),Onion,Bellary,Local,23/05/2024,5000.0,5600.0,5300.0
Tamil Nadu,Ranipet,Ranipettai(Uzhavar Sandhai ),Tomato,Other,Local,27/06/2025,2000.0,2300.0,2150.0
Tamil Nadu,Ranipet,Ranipettai(Uzhavar Sandhai ),Bhindi(Ladies Finger),Bhindi,Local,06/04/2026,3000.0,3500.0,3250.0
Tamil Nadu,Ranipet,Ranipettai(Uzhavar Sandhai ),Onion Green,Onion Green,Local,29/04/2025,8000.0,8000.0,8000.0
Tamil Nadu,Salem,Ammapet(Uzhavar Sandhai ),Onion,Bellary,Local,09/06/2025,5200.0,5500.0,5350.0
Tamil Nadu,Salem,Ammapet(Uzhavar Sandhai ),Bhindi(Ladies Finger),Bhindi,Local,12/08/2024,3200.0,3500.0,3350.0
Tamil Nadu,Salem,Ammapet(Uzhavar Sandhai ),Cabbage,Cabbage,Local,14/07/2024,2500.0,3000.0,2750.0
Tamil Nadu,Salem,Ammapet(Uzhavar Sandhai ),Onion Green,Onion Green,Local,21/09/2024,5500.0,6000.0,5750.0
Tamil Nadu,Salem,Mettur(Uzhavar Sandhai ),Cabbage,Cabbage,Local,27/11/2025,3500.0,4000.0,3750.0
Tamil Nadu,Salem,Sooramangalam(Uzhavar Sandhai ),Green Chilli,Green Chilly,Local,16/04/2025,4800.0,5000.0,4900.0
Tamil Nadu,Salem,Sooramangalam(Uzhavar Sandhai ),Banana - Green,Banana - Green,Local,18/08/2024,2000.0,2400.0,2200.0
Tamil Nadu,Salem,Sooramangalam(Uzhavar Sandhai ),Carrot,Pusakesar,Local,08/10/2024,8000.0,8400.0,8200.0
Tamil Nadu,Thiruchirappalli,Thuraiyur APMC,Onion,Bellary,Local,09/05/2025,4500.0,5500.0,5000.0
Tamil Nadu,Salem,Thammampatti (Uzhavar Sandhai ),Green Chilli,Green Chilly,Local,02/01/2024,4500.0,5000.0,4750.0
Tamil Nadu,Salem,Thammampatti (Uzhavar Sandhai ),Onion Green,Onion Green,Local,08/04/2024,5000.0,6000.0,5500.0
Tamil Nadu,Salem,Thathakapatti(Uzhavar Sandhai ),Banana,Besrai,Local,15/07/2026,4000.0,8000.0,6000.0
Tamil Nadu,Salem,Thathakapatti(Uzhavar Sandhai ),Brinjal,Round,Local,16/05/2026,3800.0,4400.0,4100.0
Tamil Nadu,Salem,Thathakapatti(Uzhavar Sandhai ),Onion Green,Onion Green,Local,13/09/2023,6000.0,6500.0,6250.0
Tamil Nadu,Theni,Chinnamanur(Uzhavar Sandhai ),Potato,Other,Local,27/09/2024,5500.0,5500.0,5500.0
Tamil Nadu,Theni,Chinnamanur(Uzhavar Sandhai ),Onion Green,Onion Green,Local,17/07/2026,7500.0,7500.0,7500.0
Tamil Nadu,Theni,Kambam(Uzhavar Sandhai ),Cabbage,Cabbage,Local,05/12/2024,2800.0,3000.0,2900.0
Tamil Nadu,Theni,Theni(Uzhavar Sandhai ),Onion,Bellary,Local,01/03/2025,5000.0,5500.0,5250.0
Tamil Nadu,Theni,Theni(Uzhavar Sandhai ),Potato,Other,Local,26/04/2025,2600.0,2600.0,2600.0
Tamil Nadu,Theni,Theni(Uzhavar Sandhai ),Banana - Green,Banana - Green,Local,20/07/2025,3000.0,3500.0,3250.0
Tamil Nadu,Theni,Theni(Uzhavar Sandhai ),Carrot,Pusakesar,Local,17/12/2023,7500.0,7500.0,7500.0
Tamil Nadu,Thirunelveli,NGO Colony(Uzhavar Sandhai ),Cauliflower,Ranchi,Local,12/06/2026,4000.0,4500.0,4250.0
Tamil Nadu,Thirunelveli,NGO Colony(Uzhavar Sandhai ),Banana - Green,Banana - Green,Local,03/01/2024,2200.0,3000.0,2600.0
Tamil Nadu,Thirunelveli,NGO Colony(Uzhavar Sandhai ),Carrot,Pusakesar,Local,18/08/2025,7000.0,7800.0,7400.0
Tamil Nadu,Thirunelveli,Palayamkottai(Uzhavar Sandhai ),Cauliflower,Ranchi,Local,23/11/2024,4500.0,5000.0,4750.0
Tamil Nadu,Thirunelveli,Palayamkottai(Uzhavar Sandhai ),Brinjal,Other,Local,19/05/2023,3000.0,3500.0,3250.0
Tamil Nadu,Thirunelveli,Palayamkottai(Uzhavar Sandhai ),Bhindi(Ladies Finger),Bhindi,Local,17/03/2023,4800.0,5000.0,4900.0
Tamil Nadu,Thirunelveli,Palayamkottai(Uzhavar Sandhai ),Banana - Green,Banana - Green,Local,03/04/2024,2500.0,3000.0,2750.0
Tamil Nadu,Thirunelveli,Palayamkottai(Uzhavar Sandhai ),Carrot,Pusakesar,Local,24/07/2024,4000.0,7800.0,5900.0
Tamil Nadu,Thirupur,Kangayam(Uzhavar Sandhai ),Onion,Bellary,Local,29/11/2025,4000.0,4700.0,4350.0
Tamil Nadu,Thirupur,Kangayam(Uzhavar Sandhai ),Green Chilli,Green Chilly,Local,29/05/2024,4500.0,5200.0,4850.0
Tamil Nadu,Thiruvannamalai,Chengam(Uzhavar Sandhai ),Banana,Besrai,Local,16/07/2025,4200.0,5000.0,4600.0
Tamil Nadu,Thiruvannamalai,Chengam(Uzhavar Sandhai ),Brinjal,Round,Local,25/01/2024,3300.0,4000.0,3650.0
Tamil Nadu,Thiruvannamalai,Chengam(Uzhavar Sandhai ),Bhindi(Ladies Finger),Bhindi,Local,30/04/2023,3300.0,4000.0,3650.0
Tamil Nadu,Thiruvannamalai,Chengam(Uzhavar Sandhai ),Banana - Green,Banana - Green,Local,19/05/2023,1200.0,1500.0,1350.0
Tamil Nadu,Thiruvannamalai,Chengam(Uzhavar Sandhai ),Onion Green,Onion Green,Local,02/11/2023,7000.0,8000.0,7500.0
Tamil Nadu,Thiruvannamalai,Keelpennathur(Uzhavar Sandhai ),Onion,Bellary,Local,25/06/2023,3000.0,3500.0,3250.0
Tamil Nadu,Thiruvannamalai,Keelpennathur(Uzhavar Sandhai ),Tomato,Deshi,Local,12/12/2025,1800.0,2000.0,1900.0
Tamil Nadu,Thiruvannamalai,Vandavasi(Uzhavar Sandhai ),Green Chilli,Green Chilly,Local,05/10/2023,5000.0,6000.0,5500.0
Tamil Nadu,Thiruvannamalai,Vandavasi(Uzhavar Sandhai ),Onion Green,Onion Green,Local,03/02/2025,4000.0,5000.0,4500.0
Tamil Nadu,Coimbatore,Sulur(Uzhavar Sandhai ),Banana,Besrai,Local,12/07/2023,5500.0,8500.0,7000.0
Tamil Nadu,Coimbatore,Sulur(Uzhavar Sandhai ),Onion,Bellary,Local,18/08/2024,4800.0,5300.0,5050.0
Tamil Nadu,Coimbatore,Sulur(Uzhavar Sandhai ),Brinjal,Round,Local,27/08/2023,4000.0,5000.0,4500.0
Tamil Nadu,Coimbatore,Sulur(Uzhavar Sandhai ),Banana - Green,Banana - Green,Local,13/04/2026,3400.0,4000.0,3700.0
Tamil Nadu,Cuddalore,Panruti(Uzhavar Sandhai ),Brinjal,Round,Local,10/06/2024,4000.0,5000.0,4500.0
Tamil Nadu,Cuddalore,Vadalur(Uzhavar Sandhai ),Brinjal,Other,Local,28/01/2025,3000.0,3000.0,3000.0
Tamil Nadu,Cuddalore,Vadalur(Uzhavar Sandhai ),Onion Green,Onion Green,Local,20/02/2024,7000.0,7000.0,7000.0
Tamil Nadu,Karur,Velayuthampalayam(Uzhavar Sandhai ),Banana,Other,Local,22/05/2025,5000.0,6000.0,5500.0
Tamil Nadu,Karur,Velayuthampalayam(Uzhavar Sandhai ),Banana - Green,Banana - Green,Local,04/02/2026,2400.0,3000.0,2700.0
Tamil Nadu,Karur,Vengamedu(Uzhavar Sandhai ),Green Chilli,Green Chilly,Local,18/05/2024,4000.0,5000.0,4500.0
Tamil Nadu,Theni,Devaram(Uzhavar Sandhai ),Potato,Red Nanital,Local,06/11/2023,2600.0,2600.0,2600.0
Tamil Nadu,Theni,Devaram(Uzhavar Sandhai ),Tomato,Deshi,Local,12/05/2026,1800.0,1800.0,1800.0
Tamil Nadu,Theni,Devaram(Uzhavar Sandhai ),Bhindi(Ladies Finger),Bhindi,Local,17/06/2024,4800.0,4800.0,4800.0
Tamil Nadu,Theni,Devaram(Uzhavar Sandhai ),Cabbage,Cabbage,Local,20/11/2023,3000.0,3000.0,3000.0
Tamil Nadu,Sivaganga,Sivagangai (Uzhavar Sandhai ),Onion,Bellary,Local,07/10/2024,5600.0,6200.0,5900.0
Tamil Nadu,Sivaganga,Sivagangai (Uzhavar Sandhai ),Cauliflower,Ranchi,Local,05/06/2023,4200.0,5200.0,4700.0
Tamil Nadu,Sivaganga,Sivagangai (Uzhavar Sandhai ),Cabbage,Cabbage,Local,20/11/2025,2800.0,3200.0,3000.0
Tamil Nadu,Sivaganga,Sivagangai (Uzhavar Sandhai ),Onion Green,Onion Green,Local,14/09/2023,7600.0,8200.0,7900.0
Tamil Nadu,Sivaganga,Devakottai (Uzhavar Sandhai ),Potato,Other,Local,14/10/2024,4200.0,5000.0,4600.0
Tamil Nadu,Sivaganga,Devakottai (Uzhavar Sandhai ),Tomato,Deshi,Local,12/07/2026,2200.0,2500.0,2350.0
Tamil Nadu,Salem,Edapadi (Uzhavar Sandhai ),Potato,Other,Local,15/07/2025,2800.0,3000.0,2900.0
Tamil Nadu,Salem,Edapadi (Uzhavar Sandhai ),Carrot,Pusakesar,Local,19/10/2023,7500.0,8000.0,7750.0
Tamil Nadu,Salem,Edapadi (Uzhavar Sandhai ),Onion Green,Onion Green,Local,29/03/2024,5500.0,6000.0,5750.0
Tamil Nadu,Salem,Elampillai(Uzhavar Sandhai ),Bhindi(Ladies Finger),Bhindi,Local,21/03/2023,3000.0,3500.0,3250.0
Tamil Nadu,Salem,Elampillai(Uzhavar Sandhai ),Green Chilli,Green Chilly,Local,01/03/2026,5000.0,5500.0,5250.0
Tamil Nadu,Salem,Elampillai(Uzhavar Sandhai ),Carrot,Pusakesar,Local,24/04/2023,7000.0,8000.0,7500.0
Tamil Nadu,Salem,Elampillai(Uzhavar Sandhai ),Cabbage,Cabbage,Local,29/04/2026,3000.0,3500.0,3250.0
Tamil Nadu,Salem,Elampillai(Uzhavar Sandhai ),Onion Green,Onion Green,Local,07/09/2024,5500.0,6000.0,5750.0
Tamil Nadu,Salem,Hasthampatti(Uzhavar Sandhai ),Carrot,Pusakesar,Local,10/05/2023,7500.0,8000.0,7750.0
Tamil Nadu,Salem,Jalagandapuram(Uzhavar Sandhai ),Onion,Bellary,Local,27/05/2023,5000.0,5500.0,5250.0
Tamil Nadu,Salem,Jalagandapuram(Uzhavar Sandhai ),Tomato,Other,Local,28/08/2025,1600.0,2000.0,1800.0
Tamil Nadu,Sivaganga,Singampunari(Uzhavar Sandhai ),Banana,Karpura,Local,16/01/2025,3500.0,4000.0,3750.0
Tamil Nadu,Sivaganga,Singampunari(Uzhavar Sandhai ),Potato,Other,Local,22/08/2023,5600.0,6200.0,5900.0
Tamil Nadu,Sivaganga,Singampunari(Uzhavar Sandhai ),Carrot,Pusakesar,Local,13/01/2023,5400.0,8200.0,6800.0
Tamil Nadu,Thanjavur,Pattukottai(Uzhavar Sandhai ),Onion,Bellary,Local,22/03/2026,4600.0,6000.0,5300.0
Tamil Nadu,Thanjavur,Pattukottai(Uzhavar Sandhai ),Tomato,Deshi,Local,16/04/2024,2600.0,2600.0,2600.0
Tamil Nadu,Thanjavur,Pattukottai(Uzhavar Sandhai ),Bhindi(Ladies Finger),Bhindi,Local,06/09/2024,4800.0,4800.0,4800.0
Tamil Nadu,Thanjavur,Pattukottai(Uzhavar Sandhai ),Onion Green,Onion Green,Local,21/02/2024,7800.0,7800.0,7800.0
Tamil Nadu,Thanjavur,Thanjavur(Uzhavar Sandhai ),Banana,Red Banana,Local,05/04/2024,10000.0,10000.0,10000.0
Tamil Nadu,Thanjavur,Thanjavur(Uzhavar Sandhai ),Cauliflower,Ranchi,Local,14/03/2023,5000.0,5000.0,5000.0
Tamil Nadu,Thanjavur,Thanjavur(Uzhavar Sandhai ),Bhindi(Ladies Finger),Bhindi,Local,14/05/2024,4800.0,4800.0,4800.0
Tamil Nadu,Thanjavur,Thanjavur(Uzhavar Sandhai ),Green Chilli,Green Chilly,Local,26/07/2024,5600.0,5600.0,5600.0
Tamil Nadu,Thanjavur,Thanjavur(Uzhavar Sandhai ),Cabbage,Cabbage,Local,15/12/2023,3000.0,3000.0,3000.0
Tamil Nadu,Thiruchirappalli,Lalgudi(Uzhavar Sandhai ),Banana,Poovan,Local,23/01/2025,4000.0,5000.0,4500.0
Tamil Nadu,Thiruchirappalli,Lalgudi(Uzhavar Sandhai ),Banana - Green,Banana - Green,Local,16/03/2024,3000.0,3000.0,3000.0
Tamil Nadu,Thiruchirappalli,Manachanallur(Uzhavar Sandhai ),Green Chilli,Green Chilly,Local,03/07/2025,5600.0,5600.0,5600.0
Tamil Nadu,Thiruchirappalli,Manapparai(Uzhavar Sandhai ),Green Chilli,Green Chilly,Local,07/07/2023,5600.0,5600.0,5600.0
Tamil Nadu,Thiruchirappalli,Musiri(Uzhavar Sandhai ),Cauliflower,Ranchi,Local,26/02/2024,3500.0,4000.0,3750.0
Tamil Nadu,Thiruchirappalli,Musiri(Uzhavar Sandhai ),Green Chilli,Green Chilly,Local,03/11/2025,5000.0,6000.0,5500.0
Tamil Nadu,Thiruchirappalli,Musiri(Uzhavar Sandhai ),Onion Green,Onion Green,Local,06/11/2024,5000.0,8000.0,6500.0
Tamil Nadu,Thiruchirappalli,Thiruverumbur(Uzhavar Sandhai ),Onion Green,Onion Green,Local,13/04/2025,7000.0,8000.0,7500.0
Tamil Nadu,Virudhunagar,Rajapalayam(Uzhavar Sandhai ),Banana,Besrai,Local,31/08/2025,3500.0,4000.0,3750.0
Tamil Nadu,Virudhunagar,Rajapalayam(Uzhavar Sandhai ),Potato,Red Nanital,Local,18/01/2026,2500.0,3000.0,2750.0
Tamil Nadu,Virudhunagar,Rajapalayam(Uzhavar Sandhai ),Green Chilli,Green Chilly,Local,06/04/2025,5000.0,6000.0,5500.0
Tamil Nadu,Virudhunagar,Rajapalayam(Uzhavar Sandhai ),Cabbage,Cabbage,Local,11/07/2025,3500.0,4000.0,3750.0
Tamil Nadu,Virudhunagar,Sivakasi(Uzhavar Sandhai ),Banana,Besrai,Local,21/07/2025,3500.0,4000.0,3750.0
Tamil Nadu,Virudhunagar,Thalavaipuram(Uzhavar Sandhai ),Cauliflower,Ranchi,Local,26/09/2025,2500.0,3000.0,2750.0
Tamil Nadu,Virudhunagar,Thalavaipuram(Uzhavar Sandhai ),Green Chilli,Green Chilly,Local,27/04/2025,4500.0,5500.0,5000.0
Tamil Nadu,Virudhunagar,Virudhunagar(Uzhavar Sandhai ),Potato,Red Nanital,Local,14/02/2025,3000.0,3100.0,3050.0
Tamil Nadu,Virudhunagar,Virudhunagar(Uzhavar Sandhai ),Tomato,Deshi,Local,17/07/2026,1800.0,1900.0,1850.0
Tamil Nadu,Virudhunagar,Virudhunagar(Uzhavar Sandhai ),Banana - Green,Banana - Green,Local,20/01/2023,2900.0,3100.0,3000.0
Tamil Nadu,Chengalpattu,Nanganallur(Uzhavar Sandhai ),Potato,Red Nanital,Local,17/10/2025,3500.0,4000.0,3750.0
Tamil Nadu,Chengalpattu,Nanganallur(Uzhavar Sandhai ),Bhindi(Ladies Finger),Bhindi,Local,20/08/2023,3500.0,4000.0,3750.0
Tamil Nadu,Chengalpattu,Pallavaram(Uzhavar Sandhai ),Onion,Bellary,Local,26/05/2026,4000.0,5000.0,4500.0
Tamil Nadu,Chengalpattu,Pallavaram(Uzhavar Sandhai ),Potato,Red Nanital,Local,26/07/2025,2500.0,3000.0,2750.0
Tamil Nadu,Chengalpattu,Pallavaram(Uzhavar Sandhai ),Green Chilli,Green Chilly,Local,07/06/2026,5000.0,6000.0,5500.0
Tamil Nadu,Chengalpattu,Pallavaram(Uzhavar Sandhai ),Cabbage,Cabbage,Local,21/01/2023,2000.0,2500.0,2250.0
Tamil Nadu,Nagercoil (Kannyiakumari),Myladi(Uzhavar Sandhai ),Apple,American,Local,12/03/2023,25000.0,26000.0,25500.0
Tamil Nadu,Nagercoil (Kannyiakumari),Myladi(Uzhavar Sandhai ),Banana,Besrai,Local,22/06/2023,5500.0,6000.0,5750.0
Tamil Nadu,Nagercoil (Kannyiakumari),Myladi(Uzhavar Sandhai ),Potato,Red Nanital,Local,11/05/2024,3000.0,3500.0,3250.0
Tamil Nadu,Nagercoil (Kannyiakumari),Myladi(Uzhavar Sandhai ),Carrot,Pusakesar,Local,16/03/2024,8500.0,9000.0,8750.0
Tamil Nadu,Villupuram,Tindivanam APMC,Potato,Red Nanital,Local,09/02/2024,3600.0,3600.0,3600.0
Keralam,Malappuram,Thirurrangadi Market,Onion,Other,FAQ,06/12/2025,4900.0,4900.0,4900.0
Maharashtra,Pune,Pune(Moshi) APMC,Apple,Other,Local,25/05/2024,18000.0,18000.0,18000.0
Maharashtra,Pune,Pune(Moshi) APMC,Potato,Local,Local,05/11/2025,1000.0,1100.0,1050.0
Maharashtra,Satara,Vai APMC,Cauliflower,Other,Local,11/02/2023,2500.0,3000.0,2800.0
Maharashtra,Satara,Vai APMC,Tomato,Local,Local,08/03/2024,1000.0,1800.0,1500.0
Uttar Pradesh,Badaun,Babrala APMC,Potato,Desi,Medium,12/08/2025,580.0,600.0,590.0
Madhya Pradesh,Vidisha,Shamshabad APMC,Wheat,Mill Quality,Non-FAQ,03/05/2025,2300.0,2400.0,2400.0
Gujarat,Anand,"Anand(Veg,Yard,Anand) APMC",Onion,Onion,Grade B,31/05/2024,2000.0,3000.0,2500.0
Gujarat,Sabarkantha,Modasa(Tintoi) APMC,Bajra(Pearl Millet/Cumbu),Hybrid,Non-FAQ,10/08/2024,2150.0,2225.0,2225.0
Gujarat,Rajkot,Dhoraji APMC,Soyabean,Yellow,Non-FAQ,24/07/2024,5730.0,5910.0,5780.0
Gujarat,Amreli,Damnagar APMC,Cabbage,Cabbage,Local,16/03/2024,3000.0,3000.0,3000.0
Gujarat,Amreli,Damnagar APMC,Green Chilli,Green Chilly,Local,17/01/2026,3500.0,3500.0,3500.0
Gujarat,Amreli,Damnagar APMC,Cauliflower,Cauliflower,Local,23/06/2024,5000.0,5000.0,5000.0
Gujarat,Rajkot,Gondal(Veg.market Gondal) APMC,Cauliflower,Cauliflower,Local,09/03/2023,1000.0,5000.0,3000.0
Gujarat,Rajkot,Gondal(Veg.market Gondal) APMC,Potato,Potato,Local,18/01/2024,750.0,1250.0,1000.0
Tamil Nadu,Madurai,Chokkikulam(Uzhavar Sandhai ),Brinjal,Round,Local,16/04/2026,4500.0,4800.0,4650.0
Tamil Nadu,Madurai,Chokkikulam(Uzhavar Sandhai ),Tomato,Deshi,Local,21/08/2025,2000.0,2400.0,2200.0
Tamil Nadu,Madurai,Chokkikulam(Uzhavar Sandhai ),Bhindi(Ladies Finger),Bhindi,Local,05/03/2023,5000.0,6000.0,5500.0
Gujarat,Surat,Surat APMC,Brinjal,Brinjal,FAQ,02/01/2024,2500.0,5000.0,3750.0
Gujarat,Surat,Surat APMC,Green Chilli,Green Chilly,FAQ,30/07/2025,1500.0,3000.0,2250.0
Gujarat,Surat,Surat APMC,Tomato,Other,FAQ,31/08/2024,600.0,1900.0,1250.0
Andhra Pradesh,NTR,Mylavaram APMC,Maize,Hybrid,Local,01/09/2024,2400.0,2400.0,2400.0
Andhra Pradesh,Palnadu,Krosuru APMC,Paddy(Common),B P T,FAQ,24/04/2023,2200.0,2600.0,2400.0
Telangana,Bhadradri Kothagudem,Yellandu APMC,Maize,Local,Local,27/03/2025,2200.0,2400.0,2300.0
Uttarakhand,Haridwar,Roorkee APMC,Bhindi(Ladies Finger),Other,Local,25/09/2025,1100.0,1600.0,1300.0
Tamil Nadu,Erode,Thalavadi(Uzhavar Sandhai ),Green Chilli,Green Chilly,Local,09/12/2025,4000.0,4400.0,4200.0
Tamil Nadu,Cuddalore,Viruthachalam(Uzhavar Sandhai ),Green Chilli,Green Chilly,Local,19/10/2025,5000.0,5000.0,5000.0
Tamil Nadu,Cuddalore,Viruthachalam(Uzhavar Sandhai ),Cabbage,Cabbage,Local,19/08/2023,4000.0,4000.0,4000.0
Tamil Nadu,Krishnagiri,Krishnagiri(Uzhavar Sandhai ),Onion,Bellary,Local,18/04/2026,5000.0,5500.0,5250.0
Tamil Nadu,Krishnagiri,Krishnagiri(Uzhavar Sandhai ),Tomato,Deshi,Local,08/09/2025,1000.0,1500.0,1250.0
Tamil Nadu,Krishnagiri,Krishnagiri(Uzhavar Sandhai ),Banana - Green,Banana - Green,Local,17/06/2023,2500.0,3000.0,2750.0
Tamil Nadu,Nagapattinam,Nagapattinam(Uzhavar Sandhai ),Bhindi(Ladies Finger),Bhindi,Local,22/04/2026,5200.0,6000.0,5600.0
Tamil Nadu,Nagapattinam,Nagapattinam(Uzhavar Sandhai ),Banana - Green,Banana - Green,Local,14/06/2023,3000.0,3000.0,3000.0
Tamil Nadu,Nagapattinam,Nagapattinam(Uzhavar Sandhai ),Cabbage,Cabbage,Local,11/05/2026,3900.0,3900.0,3900.0
Tamil Nadu,Pudukkottai,Pudukottai(Uzhavar Sandhai ),Green Chilli,Green Chilly,Local,12/06/2024,6000.0,7000.0,6500.0
Tamil Nadu,Pudukkottai,Pudukottai(Uzhavar Sandhai ),Banana - Green,Banana - Green,Local,27/07/2024,2500.0,3000.0,2750.0
Tamil Nadu,Thanjavur,Kumbakonam (Uzhavar Sandhai ),Bhindi(Ladies Finger),Bhindi,Local,09/07/2026,6000.0,7200.0,6600.0
Tamil Nadu,Thanjavur,Kumbakonam (Uzhavar Sandhai ),Green Chilli,Green Chilly,Local,03/07/2023,7200.0,7200.0,7200.0
Tamil Nadu,The Nilgiris,Udhagamandalam(Uzhavar Sandhai ),Onion,Bellary,Local,05/09/2023,5000.0,5400.0,5200.0
Tamil Nadu,The Nilgiris,Udhagamandalam(Uzhavar Sandhai ),Cauliflower,Ranchi,Local,28/01/2025,4000.0,4500.0,4250.0
Tamil Nadu,The Nilgiris,Udhagamandalam(Uzhavar Sandhai ),Brinjal,Other,Local,05/05/2025,3500.0,3800.0,3650.0
Tamil Nadu,The Nilgiris,Udhagamandalam(Uzhavar Sandhai ),Bhindi(Ladies Finger),Bhindi,Local,20/01/2026,3500.0,3800.0,3650.0
Tamil Nadu,The Nilgiris,Udhagamandalam(Uzhavar Sandhai ),Onion Green,Onion Green,Local,08/03/2023,7500.0,7800.0,7650.0
Tamil Nadu,Thiruvarur,Tiruvarur(Uzhavar Sandhai ),Brinjal,Round,Local,22/10/2025,4000.0,4000.0,4000.0
Uttarakhand,Udhamsinghnagar,Rudrapur APMC,Brinjal,Other,Medium,08/01/2024,1000.0,2000.0,1500.0
West Bengal,Medinipur(E),Kolaghat APMC,Potato,Jyoti,FAQ,11/10/2024,740.0,780.0,760.0
Tamil Nadu,Villupuram,Gingee(Uzhavar Sandhai ),Brinjal,Round,Local,06/04/2023,4000.0,4500.0,4250.0
Tamil Nadu,Villupuram,Gingee(Uzhavar Sandhai ),Green Chilli,Green Chilly,Local,03/01/2023,6000.0,6000.0,6000.0
Tamil Nadu,Thiruvellore,Tiruthani(Uzhavar Sandhai ),Cauliflower,Ranchi,Local,19/08/2024,4000.0,4000.0,4000.0
Tamil Nadu,Thiruvellore,Tiruthani(Uzhavar Sandhai ),Carrot,Pusakesar,Local,22/01/2026,6000.0,6000.0,6000.0
Madhya Pradesh,Dhar,Kukshi(F&V) APMC,Green Chilli,Green Chilly,Grade A,27/04/2023,1200.0,2500.0,1800.0
Madhya Pradesh,Dhar,Kukshi(F&V) APMC,Tomato,Tomato,Grade A,11/11/2023,700.0,2200.0,1400.0
Madhya Pradesh,Dhar,Kukshi(F&V) APMC,Onion,Onion,Grade A,06/02/2023,1200.0,2500.0,1800.0
Tamil Nadu,Vellore,Katpadi (Uzhavar Sandhai ),Tomato,Deshi,Local,27/11/2025,2000.0,2500.0,2250.0
Tamil Nadu,Vellore,Katpadi (Uzhavar Sandhai ),Green Chilli,Green Chilly,Local,16/02/2024,4000.0,5000.0,4500.0
Tamil Nadu,Vellore,Katpadi (Uzhavar Sandhai ),Carrot,Pusakesar,Local,17/09/2024,6000.0,7000.0,6500.0
Andhra Pradesh,Srikakulam,Palasa APMC,Paddy(Common),Common,FAQ,12/09/2024,2369.0,2369.0,2369.0
Telangana,Khammam,"Sattupalli (Ramalayam),RBZ",Tomato,Tomato,FAQ,16/12/2025,2000.0,2800.0,2400.0
Tamil Nadu,Madurai,Thirumangalam(Uzhavar Sandhai ),Banana,Besrai,Local,21/07/2024,3000.0,4000.0,3500.0
Tamil Nadu,Salem,Vazhapadi(Uzhavar Sandhai),Onion,Bellary,Local,09/06/2026,4500.0,5000.0,4750.0
Tamil Nadu,Salem,Vazhapadi(Uzhavar Sandhai),Green Chilli,Green Chilly,Local,26/09/2025,4500.0,5000.0,4750.0
Tamil Nadu,Salem,Vazhapadi(Uzhavar Sandhai),Cabbage,Cabbage,Local,27/01/2025,4000.0,4000.0,4000.0
Tamil Nadu,Karur,Gandhigramam(Uzhavar Sandhai),Onion,Bellary,Local,23/10/2023,5500.0,6000.0,5750.0
Tamil Nadu,Karur,Gandhigramam(Uzhavar Sandhai),Potato,Other,Local,25/05/2026,3500.0,6000.0,4750.0
Tamil Nadu,Karur,Gandhigramam(Uzhavar Sandhai),Banana - Green,Banana - Green,Local,29/08/2024,2000.0,3000.0,2500.0
Tamil Nadu,Nagapattinam,Vedaranyam(Uzhavar Sandhai),Onion,Bellary,Local,28/01/2025,3200.0,3800.0,3500.0
Tamil Nadu,Nagapattinam,Vedaranyam(Uzhavar Sandhai),Brinjal,Round,Local,01/11/2024,4800.0,5500.0,5150.0
Tamil Nadu,Vellore,Perampet(Uzhavar Sandhai),Banana,Other,Local,13/09/2024,5000.0,5000.0,5000.0
Tamil Nadu,Vellore,Perampet(Uzhavar Sandhai),Green Chilli,Green Chilly,Local,29/06/2026,6000.0,7000.0,6500.0
Tamil Nadu,Vellore,Perampet(Uzhavar Sandhai),Banana - Green,Banana - Green,Local,02/05/2026,4000.0,4000.0,4000.0
Tamil Nadu,Vellore,Perampet(Uzhavar Sandhai),Carrot,Pusakesar,Local,24/06/2024,6000.0,6600.0,6300.0
Maharashtra,Pune,Pune(Pimpri) APMC,Onion,Local,Local,10/04/2026,2500.0,3500.0,3000.0
Maharashtra,Pune,Pune(Pimpri) APMC,Cabbage,Other,Local,02/09/2023,1800.0,2000.0,1900.0
Maharashtra,Pune,Pune(Pimpri) APMC,Green Chilli,Other,Local,18/02/2024,3000.0,3000.0,3000.0
Madhya Pradesh,Badwani,Sendhwa(F&V) APMC,Cauliflower,Cauliflower,Medium,04/04/2025,900.0,1100.0,1000.0
Madhya Pradesh,Badwani,Sendhwa(F&V) APMC,Onion,Red,Medium,15/10/2025,800.0,1100.0,1000.0
Tamil Nadu,Karur,Kulithalai(Uzhavar Sandhai ),Green Chilli,Green Chilly,Local,19/06/2025,5000.0,5600.0,5300.0
Tamil Nadu,Karur,Kulithalai(Uzhavar Sandhai ),Onion Green,Onion Green,Local,16/02/2026,7500.0,8000.0,7750.0
Tamil Nadu,Thirupur,Dharapuram(Uzhavar Sandhai ),Potato,Other,Local,26/02/2025,6500.0,7500.0,7000.0
Tamil Nadu,Thirupur,Dharapuram(Uzhavar Sandhai ),Green Chilli,Green Chilly,Local,14/05/2025,4000.0,4500.0,4250.0
Tamil Nadu,Thirupur,Dharapuram(Uzhavar Sandhai ),Onion Green,Onion Green,Local,23/11/2025,6000.0,7500.0,6750.0
Tamil Nadu,Thirupur,Palladam(Uzhavar Sandhai ),Banana,Karpura,Local,28/01/2023,4000.0,5000.0,4500.0
Tamil Nadu,Thirupur,Palladam(Uzhavar Sandhai ),Tomato,Local,Local,27/02/2024,1200.0,1600.0,1400.0
Tamil Nadu,Thirupur,Palladam(Uzhavar Sandhai ),Green Chilli,Green Chilly,Local,08/08/2023,3500.0,4000.0,3750.0
Tamil Nadu,Kallakuruchi,Kallakurichi(Uzhavar Sandhai ),Onion,Bellary,Local,09/02/2025,6000.0,6000.0,6000.0
Tamil Nadu,Kallakuruchi,Kallakurichi(Uzhavar Sandhai ),Cauliflower,Ranchi,Local,18/04/2024,3000.0,3000.0,3000.0
Tamil Nadu,Kallakuruchi,Kallakurichi(Uzhavar Sandhai ),Carrot,Pusakesar,Local,31/12/2023,10000.0,10000.0,10000.0
Tamil Nadu,Thirupathur,Natrampalli(Uzhavar Sandhai ),Banana,Besrai,Local,22/06/2025,5000.0,6000.0,5500.0
Tamil Nadu,Thirupathur,Natrampalli(Uzhavar Sandhai ),Onion,Bellary,Local,03/07/2025,4000.0,5000.0,4500.0
Tamil Nadu,Thirupathur,Natrampalli(Uzhavar Sandhai ),Cauliflower,Ranchi,Local,26/11/2023,2500.0,3000.0,2750.0
Tamil Nadu,Thirupathur,Natrampalli(Uzhavar Sandhai ),Banana - Green,Banana - Green,Local,08/01/2024,2500.0,3000.0,2750.0
Tamil Nadu,Thirupathur,Natrampalli(Uzhavar Sandhai ),Onion Green,Onion Green,Local,23/02/2023,5000.0,6000.0,5500.0
Andhra Pradesh,Nandyal,Nandikotkur APMC,Maize,Hybrid,FAQ,15/03/2024,2200.0,2400.0,2300.0
Andhra Pradesh,Srikakulam,Hiramandalam APMC,Paddy(Common),Masuri,Local,07/11/2023,2400.0,2400.0,2400.0
Andhra Pradesh,Palnadu,Ipur APMC,Paddy(Common),Paddy,FAQ,21/01/2026,2450.0,2650.0,2550.0
Andhra Pradesh,Vijayanagaram,Merakamudidam APMC,Maize,Local,Local,15/02/2023,1800.0,2000.0,1950.0
Andhra Pradesh,East Godavari,Gopalapuram APMC,Maize,Local,Local,10/03/2025,2410.0,2410.0,2410.0
Andhra Pradesh,Dr.B.R.A.Konaseema,Ravulapalem (Kothapeta APMC),Banana,Karpura,Local,30/10/2024,2400.0,3900.0,3400.0
Andhra Pradesh,Eluru,Polavaram APMC,Maize,Local,Local,29/07/2026,2420.0,2420.0,2420.0
Andhra Pradesh,Anakapally,Payakaraopeta APMC,Banana,Karpura,Local,15/12/2024,1500.0,1700.0,1600.0
Tamil Nadu,Salem,Athur(Uzhavar Sandhai ),Onion,Bellary,Local,03/11/2023,5000.0,5800.0,5400.0
Tamil Nadu,Salem,Athur(Uzhavar Sandhai ),Brinjal,Other,Local,17/12/2024,3500.0,4000.0,3750.0
Tamil Nadu,Salem,Athur(Uzhavar Sandhai ),Green Chilli,Green Chilly,Local,24/03/2023,5000.0,5500.0,5250.0
Tamil Nadu,Salem,Athur(Uzhavar Sandhai ),Carrot,Pusakesar,Local,23/06/2025,7000.0,8600.0,7800.0
Tamil Nadu,Salem,Athur(Uzhavar Sandhai ),Cabbage,Cabbage,Local,15/11/2023,3000.0,3500.0,3250.0
Telangana,Karimnagar,V.Saidapur APMC,Paddy(Common),MTU-1010,FAQ,16/05/2024,2389.0,2389.0,2389.0
Tamil Nadu,Virudhunagar,Srivilliputhur(Uzhavar Sandhai ),Carrot,Pusakesar,Local,11/11/2025,5500.0,7000.0,6250.0
Uttar Pradesh,Hathras,Shadabad APMC,Brinjal,Brinjal,Small,22/06/2026,800.0,900.0,850.0
Punjab,Ludhiana,Sahnewal APMC,Brinjal,Brinjal,FAQ,01/02/2026,2000.0,2000.0,2000.0
Punjab,Ludhiana,Sahnewal APMC,Cauliflower,Cauliflower,FAQ,30/08/2024,4500.0,4500.0,4500.0
Tamil Nadu,Coimbatore,Vadavalli(Uzhavar Sandhai ),Potato,Other,Local,14/12/2023,5500.0,6500.0,6000.0
West Bengal,Darjeeling,Karsiyang(Matigara) APMC,Onion,Nasik,FAQ,06/03/2023,5200.0,5400.0,5300.0
West Bengal,Uttar Dinajpur,Raiganj APMC,Potato,Other,FAQ,16/09/2023,600.0,630.0,620.0
Uttar Pradesh,Bulandshahar,Gulavati APMC,Brinjal,Brinjal,FAQ,13/01/2026,1400.0,1600.0,1500.0
Tamil Nadu,Coimbatore,Udumalpet APMC,Potato,Red Nanital,Local,13/01/2025,3500.0,4000.0,3750.0
Tamil Nadu,Coimbatore,Udumalpet APMC,Tomato,Deshi,Local,05/07/2026,1700.0,2000.0,1850.0
Tamil Nadu,Coimbatore,Udumalpet APMC,Carrot,Pusakesar,Local,13/02/2025,8500.0,9000.0,8750.0
Andhra Pradesh,Kakinada,Karapa APMC,Paddy(Common),1001,FAQ,08/11/2025,2363.0,2369.0,2365.0
West Bengal,Darjeeling,Siliguri APMC,Banana,Banana - Ripe,Grade A,27/11/2023,2200.0,2400.0,2300.0
Tamil Nadu,Erode,Gobichettipalayam(Uzhavar Sandhai ),Potato,Red Nanital,Local,15/04/2024,3400.0,3600.0,3500.0
Tamil Nadu,Erode,Gobichettipalayam(Uzhavar Sandhai ),Banana - Green,Banana - Green,Local,04/11/2023,2800.0,3000.0,2900.0
Punjab,Tarntaran,Bhikhiwind APMC,Brinjal,Brinjal,Local,20/08/2025,1000.0,1000.0,1000.0
Himachal Pradesh,Shimla,SMY Rohroo,Cauliflower,Cauliflower,Grade B,17/03/2023,7000.0,8000.0,7500.0
Himachal Pradesh,Shimla,SMY Rohroo,Bhindi(Ladies Finger),Bhindi,Grade B,19/11/2024,3000.0,3200.0,3100.0
Andhra Pradesh,Srikakulam,Ponduru APMC,Maize,Local,FAQ,16/06/2023,2400.0,2400.0,2400.0
Punjab,Jalandhar,Mehatpur APMC,Brinjal,Brinjal,Local,15/10/2024,1800.0,2000.0,1900.0
Punjab,Jalandhar,Mehatpur APMC,Green Chilli,Green Chilly,Local,29/03/2024,2300.0,2500.0,2400.0
Tamil Nadu,Pudukkottai,Ponnamaravathi(Uzhavar Sandhai),Banana,Besrai,Local,17/08/2023,6500.0,7000.0,6750.0
Tamil Nadu,Pudukkottai,Ponnamaravathi(Uzhavar Sandhai),Brinjal,Round,Local,06/11/2024,6500.0,7000.0,6750.0
Tamil Nadu,Pudukkottai,Ponnamaravathi(Uzhavar Sandhai),Tomato,Deshi,Local,11/05/2025,2000.0,2500.0,2250.0
Andhra Pradesh,Tirupathi,B.N.Kandriga APMC,Paddy(Common),Paddy,Local,10/09/2023,2200.0,2200.0,2200.0
Tamil Nadu,Nagapattinam,Mayiladuthurai(Uzhavar Sandhai ),Banana,Besrai,Local,27/04/2025,3500.0,4000.0,3750.0
Tamil Nadu,Nagapattinam,Mayiladuthurai(Uzhavar Sandhai ),Tomato,Deshi,Local,02/02/2023,2000.0,2500.0,2250.0
Tamil Nadu,Nagapattinam,Mayiladuthurai(Uzhavar Sandhai ),Banana - Green,Banana - Green,Local,28/01/2025,3000.0,3500.0,3250.0
Tamil Nadu,Nagapattinam,Mayiladuthurai(Uzhavar Sandhai ),Onion Green,Onion Green,Local,23/05/2023,5000.0,6000.0,5500.0
Tamil Nadu,Pudukkottai,Viralimalai(Uzhavar Sandhai ),Bhindi(Ladies Finger),Bhindi,Local,16/03/2025,3500.0,4000.0,3750.0
Tamil Nadu,Ramanathapuram,Paramakudi(Uzhavar Sandhai ),Cauliflower,Ranchi,Local,27/02/2024,5000.0,5500.0,5250.0
Tamil Nadu,Ramanathapuram,Ramanathapuram(Uzhavar Sandhai ),Banana,Besrai,Local,27/08/2023,5000.0,5500.0,5250.0
Tamil Nadu,Ramanathapuram,Ramanathapuram(Uzhavar Sandhai ),Onion,Bellary,Local,07/10/2024,5000.0,5500.0,5250.0
Tamil Nadu,Ramanathapuram,Ramanathapuram(Uzhavar Sandhai ),Cabbage,Cabbage,Local,20/09/2023,4200.0,4500.0,4350.0
Tamil Nadu,Pudukkottai,Alangudi(Uzhavar Sandhai ),Banana,Poovan,Local,04/09/2023,4500.0,5000.0,4750.0
Tamil Nadu,Thiruvannamalai,Arani(Uzhavar Sandhai ),Banana,Other,Local,05/10/2024,5000.0,6000.0,5500.0
Tamil Nadu,Thiruvannamalai,Arani(Uzhavar Sandhai ),Cabbage,Cabbage,Local,02/01/2025,3000.0,3600.0,3300.0
Tamil Nadu,Thiruvannamalai,Arani(Uzhavar Sandhai ),Onion Green,Onion Green,Local,15/06/2023,4000.0,5000.0,4500.0
Andhra Pradesh,Srikakulam,Narasannapet APMC,Paddy(Common),Paddy,FAQ,22/12/2023,2369.0,2369.0,2369.0
Tamil Nadu,Thiruvannamalai,Polur(Uzhavar Sandhai ),Banana,Besrai,Local,01/01/2025,5000.0,6000.0,5500.0
Tamil Nadu,Thiruvannamalai,Polur(Uzhavar Sandhai ),Onion,Bellary,Local,01/05/2024,4200.0,5000.0,4600.0
Tamil Nadu,Thiruvannamalai,Polur(Uzhavar Sandhai ),Bhindi(Ladies Finger),Bhindi,Local,03/06/2026,4000.0,4800.0,4400.0
Tamil Nadu,Thiruvannamalai,Polur(Uzhavar Sandhai ),Banana - Green,Banana - Green,Local,10/09/2025,1600.0,2000.0,1800.0
Tamil Nadu,Thiruvannamalai,Polur(Uzhavar Sandhai ),Carrot,Pusakesar,Local,13/04/2024,6000.0,7200.0,6600.0
Tamil Nadu,Thiruvannamalai,Polur(Uzhavar Sandhai ),Cabbage,Cabbage,Local,09/09/2025,3000.0,3600.0,3300.0
Tamil Nadu,Thiruvannamalai,Polur(Uzhavar Sandhai ),Onion Green,Onion Green,Local,21/10/2024,5000.0,6000.0,5500.0
Tamil Nadu,Thiruvannamalai,Tiruvannamalai(Uzhavar Sandhai ),Carrot,Pusakesar,Local,18/08/2023,6400.0,7200.0,6800.0
Tamil Nadu,Tuticorin,Kovilpatti(Uzhavar Sandhai ),Carrot,Pusakesar,Local,03/03/2025,7500.0,8000.0,7750.0
Tamil Nadu,Tuticorin,Kovilpatti(Uzhavar Sandhai ),Cabbage,Cabbage,Local,12/11/2023,4000.0,4500.0,4250.0
Tamil Nadu,Tuticorin,Kovilpatti(Uzhavar Sandhai ),Onion Green,Onion Green,Local,04/02/2024,6000.0,6500.0,6250.0
Tamil Nadu,Vellore,Gudiyatham(Uzhavar Sandhai ),Onion,Bellary,Local,09/01/2026,4800.0,4800.0,4800.0
Tamil Nadu,Vellore,Gudiyatham(Uzhavar Sandhai ),Tomato,Deshi,Local,14/05/2026,1400.0,1600.0,1500.0
Tamil Nadu,Vellore,Kahithapattarai(Uzhavar Sandhai ),Onion,Bellary,Local,24/05/2024,6000.0,6000.0,6000.0
Tamil Nadu,Vellore,Kahithapattarai(Uzhavar Sandhai ),Tomato,Deshi,Local,03/08/2024,2000.0,2000.0,2000.0
Tamil Nadu,Vellore,Kahithapattarai(Uzhavar Sandhai ),Banana - Green,Banana - Green,Local,31/07/2024,5000.0,5000.0,5000.0
Tamil Nadu,Vellore,Kahithapattarai(Uzhavar Sandhai ),Cabbage,Cabbage,Local,01/08/2024,2500.0,2500.0,2500.0
Tamil Nadu,Vellore,Kahithapattarai(Uzhavar Sandhai ),Onion Green,Onion Green,Local,15/10/2024,8000.0,8000.0,8000.0
Tamil Nadu,Villupuram,Villupuram(Uzhavar Sandhai ),Brinjal,Round,Local,31/05/2024,6000.0,7000.0,6500.0
Andhra Pradesh,Palnadu,Chilakaluripet APMC,Cotton,Mungari  (Ginned),Local,12/07/2025,7000.0,7900.0,7300.0
Andhra Pradesh,Prakasam,Darsi APMC,Paddy(Common),B P T,Local,18/12/2025,2500.0,2600.0,2600.0
Andhra Pradesh,Palnadu,Narasaraopet APMC,Paddy(Common),Paddy,FAQ,17/08/2024,3000.0,3000.0,3000.0
Andhra Pradesh,Palnadu,Narasaraopet APMC,Rice,B P T,FAQ,19/07/2024,6000.0,6000.0,6000.0
Haryana,Rewari,Rewari APMC,Tomato,Other,Medium,26/04/2023,600.0,2800.0,1500.0
Punjab,Ludhiana,Ludhiana APMC,Brinjal,Other,FAQ,31/12/2024,500.0,1200.0,800.0
Andaman and Nicobar,North and Middle Andaman ,Diglipur Vegetable Market (Subhashgram),Brinjal,Other,FAQ,04/06/2025,4000.0,8000.0,6000.0
Keralam,Kottayam,Pampady Market,Brinjal,Brinjal,FAQ,05/04/2023,4000.0,5500.0,5000.0
Keralam,Kottayam,Pampady Market,Cabbage,Cabbage,FAQ,01/12/2024,4400.0,6000.0,5000.0
Keralam,Kottayam,Pampady Market,Green Chilli,Green Chilly,FAQ,27/09/2025,5500.0,7000.0,6500.0
Keralam,Kottayam,Pampady Market,Potato,Big,FAQ,24/12/2024,2700.0,4000.0,3000.0
Tamil Nadu,Thiruvannamalai,Cheyyar(Uzhavar Sandhai ),Brinjal,Other,Local,15/07/2024,3000.0,3600.0,3300.0
Tamil Nadu,Thiruvannamalai,Cheyyar(Uzhavar Sandhai ),Cabbage,Cabbage,Local,26/05/2025,3000.0,3600.0,3300.0
Andhra Pradesh,Vijayanagaram,Pusapatirega APMC,Maize,Local,FAQ,15/11/2023,4800.0,4800.0,4800.0
Andhra Pradesh,Vijayanagaram,Rajam APMC,Maize,Local,FAQ,12/09/2023,4800.0,4800.0,4800.0
Tamil Nadu,Ariyalur,Ariyalur(Uzhavar Sandhai),Green Chilli,Green Chilly,Local,30/12/2025,6000.0,6500.0,6250.0
Tamil Nadu,Ariyalur,Ariyalur(Uzhavar Sandhai),Onion Green,Onion Green,Local,24/05/2025,6000.0,7000.0,6500.0
Uttarakhand,Nanital,Ramnagar APMC,Bhindi(Ladies Finger),Other,Local,12/01/2026,2000.0,3000.0,2500.0
Andhra Pradesh,Palnadu,Rompicherla APMC,Paddy(Common),Paddy,FAQ,10/11/2023,2300.0,2480.0,2400.0
Uttarakhand,Haridwar,Haridwar Union APMC,Tomato,Other,Medium,04/07/2024,1200.0,2200.0,1600.0
Uttarakhand,Haridwar,Haridwar Union APMC,Brinjal,Other,Local,29/09/2024,800.0,1000.0,900.0
Bihar,Siwan,Maharjganj APMC,Tomato,Deshi,FAQ,15/12/2023,2800.0,2800.0,2800.0
Punjab,Jalandhar,Adampur APMC,Bhindi(Ladies Finger),Bhindi,FAQ,22/03/2024,2000.0,2500.0,2500.0
Haryana,Panchkula,Barwala APMC,Brinjal,Brinjal,FAQ,28/03/2026,2000.0,2000.0,2000.0
Haryana,Panchkula,Barwala APMC,Bhindi(Ladies Finger),Bhindi,FAQ,11/07/2023,1500.0,1500.0,1500.0
Haryana,Panchkula,Barwala APMC,Cauliflower,Local,FAQ,30/11/2025,3000.0,3000.0,3000.0
Odisha,Boudh,Boudh APMC,Bhindi(Ladies Finger),Other,Local,02/12/2023,6000.0,7000.0,6500.0
Odisha,Boudh,Boudh APMC,Onion,Other,Local,30/03/2026,3500.0,4500.0,4000.0
Odisha,Mayurbhanja,Betnoti APMC,Tomato,Tomato,FAQ,10/02/2023,3000.0,3400.0,3200.0
Keralam,Alappuzha,Chengannur Market,Brinjal,Brinjal,FAQ,20/08/2025,4800.0,5100.0,5000.0
Keralam,Alappuzha,Chengannur Market,Banana - Green,Banana - Green,FAQ,20/06/2023,6400.0,6800.0,6500.0
Tamil Nadu,Coimbatore,Sundarapuram(Uzhavar Sandhai ),Tomato,Local,Local,16/01/2026,1600.0,1800.0,1700.0
Tamil Nadu,Coimbatore,Sundarapuram(Uzhavar Sandhai ),Onion Green,Onion Green,Local,23/10/2025,7000.0,7500.0,7250.0
Andhra Pradesh,Kakinada,Jaggampet APMC,Paddy(Common),Common,FAQ,08/04/2024,2369.0,2380.0,2369.0
Haryana,Gurgaon,Gurgaon APMC,Apple,Apple,Grade B,16/10/2025,5000.0,7000.0,6000.0
Odisha,Kalahandi,Kalahandi(Dharamagarh) APMC,Bhindi(Ladies Finger),Other,Grade B,16/07/2024,1600.0,2000.0,1800.0
Uttar Pradesh,Khiri (Lakhimpur),Maigalganj APMC,Bhindi(Ladies Finger),Bhindi,FAQ,16/03/2025,2220.0,2260.0,2240.0
Himachal Pradesh,Kangra,SMY Baijnath,Tomato,Hybrid,Grade A,05/12/2025,2500.0,3000.0,3000.0
Andhra Pradesh,Visakhapatnam,Visakhapatnam APMC,Rice,B P T,Grade Range-1,25/07/2026,6150.0,6150.0,6150.0
Tamil Nadu,Erode,Sathiyamagalam(Uzhavar Sandhai ),Banana,Red Banana,Local,21/08/2025,6000.0,6500.0,6250.0
Tamil Nadu,Erode,Sathiyamagalam(Uzhavar Sandhai ),Bhindi(Ladies Finger),Bhindi,Local,01/11/2025,3000.0,3600.0,3300.0
Tamil Nadu,Erode,Sathiyamagalam(Uzhavar Sandhai ),Green Chilli,Green Chilly,Local,20/10/2024,4000.0,4500.0,4250.0
Tamil Nadu,Coimbatore,Mettupalayam(Uzhavar Sandhai ),Onion,Bellary,Local,11/11/2024,5500.0,5800.0,5650.0
Tamil Nadu,Coimbatore,Mettupalayam(Uzhavar Sandhai ),Potato,Red Nanital,Local,17/02/2023,4000.0,6500.0,5250.0
Tamil Nadu,Coimbatore,Mettupalayam(Uzhavar Sandhai ),Bhindi(Ladies Finger),Bhindi,Local,05/07/2025,3000.0,3500.0,3250.0
Telangana,Hyderabad,RYTHU BAZAR MEHDIPATNAM,Cabbage,Cabbage,Grade A,26/06/2024,1300.0,1300.0,1300.0
Tamil Nadu,Namakkal,Tiruchengode APMC,Banana,Red Banana,Local,11/12/2025,5500.0,6000.0,5750.0
Tamil Nadu,Namakkal,Tiruchengode APMC,Tomato,Other,Local,07/09/2023,1700.0,2500.0,2100.0
Tamil Nadu,Namakkal,Tiruchengode APMC,Bhindi(Ladies Finger),Bhindi,Local,24/04/2023,3600.0,4400.0,4000.0
Tamil Nadu,Namakkal,Tiruchengode APMC,Cabbage,Cabbage,Local,06/01/2026,2600.0,3000.0,2800.0
Tamil Nadu,Ariyalur,Jeyankondam (Uzhavar Sandhai ),Brinjal,Round,Local,07/07/2023,4400.0,4800.0,4600.0
Uttar Pradesh,Badaun,Dataganj APMC,Wheat,Dara,FAQ,11/05/2025,2500.0,2600.0,2550.0
Tamil Nadu,Coimbatore,RSPuram(Uzhavar Sandhai ),Tomato,Local,Local,13/01/2026,1600.0,1800.0,1700.0
Tamil Nadu,Coimbatore,RSPuram(Uzhavar Sandhai ),Onion Green,Onion Green,Local,25/10/2024,7000.0,7500.0,7250.0
Tamil Nadu,Coimbatore,Singanallur(Uzhavar Sandhai ),Potato,Other,Local,03/07/2024,5000.0,6500.0,5750.0
Tamil Nadu,Coimbatore,Singanallur(Uzhavar Sandhai ),Onion Green,Onion Green,Local,28/02/2023,7000.0,7500.0,7250.0
Uttar Pradesh,Shamli,Kairana APMC,Cabbage,Cabbage,FAQ,02/05/2024,1400.0,1500.0,1450.0
Telangana,Ranga Reddy,"Vanasthalipuram,RBZ ",Brinjal,Round/Long,Grade A,07/06/2023,2300.0,2300.0,2300.0
Telangana,Ranga Reddy,"Vanasthalipuram,RBZ ",Potato,Potato,Grade A,24/09/2025,1600.0,1600.0,1600.0
Telangana,Ranga Reddy,"Vanasthalipuram,RBZ ",Cauliflower,Cauliflower,Grade A,07/04/2025,1800.0,1800.0,1800.0
Tamil Nadu,Karur,Karur(Uzhavar Sandhai ),Onion,Bellary,Local,26/04/2024,5500.0,6000.0,5750.0
Tamil Nadu,Karur,Karur(Uzhavar Sandhai ),Potato,Other,Local,30/04/2023,5500.0,6000.0,5750.0
Tamil Nadu,Coimbatore,Kurichi(Uzhavar Sandhai ),Onion,Bellary,Local,09/07/2025,5000.0,5500.0,5250.0
Tamil Nadu,Cuddalore,Cuddalore(Uzhavar Sandhai ),Banana,Besrai,Local,06/01/2024,4000.0,8000.0,6000.0
Tamil Nadu,Cuddalore,Cuddalore(Uzhavar Sandhai ),Banana - Green,Banana - Green,Local,23/11/2024,2000.0,3000.0,2500.0
Tamil Nadu,Cuddalore,Cuddalore(Uzhavar Sandhai ),Carrot,Pusakesar,Local,13/04/2025,7000.0,7000.0,7000.0
Tamil Nadu,Cuddalore,Cuddalore(Uzhavar Sandhai ),Onion Green,Onion Green,Local,19/09/2024,7000.0,8000.0,7500.0
Bihar,Madhubani,Madhubani APMC,Onion,Nasik,FAQ,27/05/2024,4500.0,4700.0,4600.0
Bihar,Madhubani,Madhubani APMC,Cauliflower,Cauliflower,FAQ,06/03/2023,9200.0,9800.0,9500.0
Assam,Tinsukia,Tinsukia Market,Green Chilli,Green Chilly,FAQ,19/04/2025,9000.0,14000.0,12000.0
Assam,Tinsukia,Tinsukia Market,Cabbage,Cabbage,FAQ,27/02/2025,2800.0,3500.0,3200.0
Tamil Nadu,Nagercoil (Kannyiakumari),Vadaseri APMC,Banana,Besrai,Local,01/09/2024,5500.0,6000.0,5750.0
Tamil Nadu,Nagercoil (Kannyiakumari),Vadaseri APMC,Tomato,Local,Local,15/02/2023,2200.0,2500.0,2350.0
Tamil Nadu,Nagercoil (Kannyiakumari),Vadaseri APMC,Green Chilli,Green Chilly,Local,06/10/2024,6500.0,7000.0,6750.0
Tamil Nadu,Nagercoil (Kannyiakumari),Vadaseri APMC,Carrot,Pusakesar,Local,15/09/2023,8500.0,9000.0,8750.0
Tamil Nadu,Nagercoil (Kannyiakumari),Vadaseri APMC,Cabbage,Cabbage,Local,01/01/2023,5000.0,5500.0,5250.0
Tamil Nadu,Pudukkottai,Karambakkudi(Uzhavar Sandhai ),Bhindi(Ladies Finger),Bhindi,Local,22/02/2026,4500.0,5000.0,4750.0
Madhya Pradesh,Bhind,Gohad APMC,Wheat,Mill Quality,Non-FAQ,13/01/2024,2480.0,2480.0,2480.0
Tamil Nadu,Vellore,Thirupathur APMC,Banana - Green,Banana - Green,Local,26/07/2026,2500.0,2500.0,2500.0
Tamil Nadu,Vellore,Vellore APMC,Brinjal,Round,Local,30/01/2025,4000.0,4500.0,4250.0
Tamil Nadu,Krishnagiri,Kaveripattinam(Uzhavar Sandhai ),Brinjal,Round,Local,03/06/2025,4000.0,5000.0,4500.0
Tamil Nadu,Krishnagiri,Kaveripattinam(Uzhavar Sandhai ),Green Chilli,Green Chilly,Local,07/10/2025,5000.0,5000.0,5000.0
Himachal Pradesh,Kangra,SMY Palampur,Green Chilli,Green Chilly,FAQ,28/07/2023,4000.0,5000.0,4500.0
Himachal Pradesh,Kangra,SMY Palampur,Onion,Onion,FAQ,25/07/2023,5000.0,5200.0,5100.0
Himachal Pradesh,Kangra,SMY Palampur,Cabbage,Cabbage,FAQ,19/01/2023,2500.0,3500.0,3000.0
Himachal Pradesh,Kangra,SMY Palampur,Brinjal,Brinjal,FAQ,23/10/2023,2500.0,3000.0,2800.0
Himachal Pradesh,Kangra,SMY Palampur,Cauliflower,Cauliflower,FAQ,19/01/2023,5500.0,6500.0,6000.0
Punjab,Tarntaran,Patti APMC,Bhindi(Ladies Finger),Other,Local,09/10/2023,0.4,0.4,0.4
Punjab,Tarntaran,Patti APMC,Banana,Other,Grade B,06/05/2024,3.7,3.7,3.7
Andhra Pradesh,NTR,Vijayawada APMC,Paddy(Common),1001,Local,16/06/2026,2369.0,2369.0,2369.0
Punjab,Mohali,Lalru APMC,Cauliflower,Other,Local,26/04/2026,4300.0,4300.0,4300.0
Punjab,Mohali,Lalru APMC,Potato,Other,Local,20/05/2026,980.0,980.0,980.0
Odisha,Jharsuguda,Jharsuguda APMC,Potato,Other,Grade A,30/06/2025,1700.0,2000.0,2000.0
Punjab,Amritsar,Rayya APMC,Potato,Potato,FAQ,18/05/2026,758.0,758.0,758.0
Nagaland,Dimapur,Dimapur APMC,Bhindi(Ladies Finger),Bhindi,Local,09/10/2024,3500.0,5000.0,4000.0
Nagaland,Dimapur,Dimapur APMC,Green Chilli,Green Chilly,Small,19/12/2023,7000.0,9000.0,8000.0
Gujarat,Amreli,APMC Bagasara,Soyabean,Yellow,Local,07/07/2024,5650.0,5870.0,5760.0
Gujarat,Amreli,APMC Bagasara,Cotton,Other,Local,14/10/2023,7850.0,8475.0,8160.0
Andhra Pradesh,Bapatla,Kuchinapudi APMC,Paddy(Common),B P T,Local,07/02/2024,3000.0,3400.0,3200.0
Telangana,Khammam,"Pavilion Ground,Khammam,RBZ",Tomato,Deshi,FAQ,02/07/2024,2400.0,2400.0,2400.0
Andhra Pradesh,Prakasam,Santhamaguluru APMC,Paddy(Common),B P T,FAQ,03/12/2024,2500.0,2580.0,2550.0
Andhra Pradesh,Prakasam,Santhamaguluru APMC,Maize,Hybrid,FAQ,11/04/2025,2400.0,2470.0,2450.0
Andhra Pradesh,Prakasam,Maddipadu APMC,Bengal Gram(Gram)(Whole),Gulabi,FAQ,17/12/2025,6000.0,6000.0,6000.0
Keralam,Kozhikode(Calicut),Perambra Market,Banana - Green,Banana - Green,FAQ,14/07/2026,5800.0,6300.0,6000.0
Keralam,Kozhikode(Calicut),Perambra Market,Brinjal,Other,FAQ,27/01/2023,4000.0,5000.0,4000.0
Andhra Pradesh,Nandyal,Allagadda APMC,Maize,Local,FAQ,25/01/2023,2000.0,2250.0,2100.0
Keralam,Kannur,Thalasserry Market,Tomato,Other,FAQ,24/01/2026,1500.0,2500.0,2000.0
Haryana,Sonipat,Ganaur APMC,Tomato,Tomato,FAQ,18/03/2023,2000.0,3000.0,2500.0
Haryana,Sonipat,Ganaur APMC,Cabbage,Cabbage,Medium,30/05/2023,4000.0,4500.0,4200.0
Haryana,Sonipat,Ganaur APMC,Carrot,Carrot,Medium,08/07/2026,4000.0,5000.0,4500.0
Punjab,Ludhiana,Jagraon APMC,Banana,Other,Grade A,14/04/2025,2200.0,2200.0,2200.0
Keralam,Kollam,Anchal Market,Banana,Robusta,Medium,01/07/2026,4500.0,4500.0,4500.0
Keralam,Kollam,Anchal Market,Banana,Red Banana,Medium,20/03/2025,7300.0,7300.0,7300.0
Keralam,Kollam,Anchal Market,Tomato,Tomato,Local,27/04/2024,4500.0,4500.0,4500.0
Jammu and Kashmir,Baramulla,Sopore (Nowpora) (F&V),Apple,Delicious,Grade A,11/12/2025,3090.0,3090.0,3090.0
Keralam,Kottayam,Thalayolaparambu Market,Cauliflower,Cauliflower,FAQ,20/10/2025,4300.0,4600.0,4400.0
Keralam,Kottayam,Thalayolaparambu Market,Onion,Big,FAQ,20/03/2026,4700.0,5000.0,4800.0
Keralam,Kottayam,Thalayolaparambu Market,Potato,Potato,FAQ,12/07/2026,2800.0,3200.0,3000.0
Keralam,Kottayam,Thalayolaparambu Market,Tomato,Tomato,FAQ,02/02/2025,2800.0,3300.0,3000.0
Keralam,Kozhikode(Calicut),Kallachi Market,Cabbage,Cabbage,FAQ,06/11/2023,2800.0,3200.0,3000.0
Keralam,Alappuzha,Harippad Market,Banana - Green,Other,FAQ,29/11/2023,7500.0,8000.0,7500.0
Keralam,Alappuzha,Harippad Market,Brinjal,Brinjal,FAQ,05/03/2024,5000.0,5500.0,5000.0
Keralam,Thiruvananthapuram,Vamanapuram Market,Banana - Green,Other,Local,13/02/2024,6000.0,6500.0,6500.0
Keralam,Ernakulam,Perumbavoor Market,Bhindi(Ladies Finger),Bhindi,Medium,05/01/2026,4000.0,6000.0,5000.0
Keralam,Ernakulam,Perumbavoor Market,Cauliflower,Cauliflower,Medium,17/12/2024,3000.0,5000.0,4000.0
Andhra Pradesh,Dr.B.R.A.Konaseema,Amalapuram APMC,Paddy(Common),1001,FAQ,27/04/2024,2369.0,2468.0,2369.0
Keralam,Palakad,Pattambi Market,Potato,Potato,FAQ,14/10/2023,2000.0,2500.0,2200.0
Tamil Nadu,Thirupur,Tiruppur (South) (Uzhavar Sandhai ),Banana,Red Banana,Local,19/01/2024,5000.0,6000.0,5500.0
Tamil Nadu,Thirupur,Tiruppur (South) (Uzhavar Sandhai ),Brinjal,Other,Local,28/04/2024,5000.0,6000.0,5500.0
Tamil Nadu,Thirupur,Tiruppur (South) (Uzhavar Sandhai ),Green Chilli,Green Chilly,Local,15/05/2026,4000.0,5000.0,4500.0
Tamil Nadu,Erode,Perundurai(Uzhavar Sandhai ),Potato,Other,Local,09/12/2024,3000.0,3500.0,3250.0
Tamil Nadu,Erode,Perundurai(Uzhavar Sandhai ),Green Chilli,Green Chilly,Local,04/06/2026,4500.0,5000.0,4750.0
Tamil Nadu,Dharmapuri,Dharmapuri(Uzhavar Sandhai ),Banana,Besrai,Local,20/04/2025,5000.0,5500.0,5250.0
Tamil Nadu,Dharmapuri,Dharmapuri(Uzhavar Sandhai ),Tomato,Local,Local,04/11/2025,1800.0,2000.0,1900.0
Tamil Nadu,Dharmapuri,Dharmapuri(Uzhavar Sandhai ),Carrot,Pusakesar,Local,01/09/2025,7300.0,7600.0,7450.0
Tamil Nadu,Dharmapuri,Palacode(Uzhavar Sandhai ),Bhindi(Ladies Finger),Bhindi,Local,18/06/2026,2500.0,2800.0,2650.0
Tamil Nadu,Dharmapuri,Pennagaram(Uzhavar Sandhai ),Carrot,Pusakesar,Local,20/09/2024,7500.0,8000.0,7750.0
Tamil Nadu,Dindigul,Chinnalapatti(Uzhavar Sandhai ),Cauliflower,Ranchi,Local,17/07/2024,4000.0,5000.0,4500.0
Tamil Nadu,Dindigul,Chinnalapatti(Uzhavar Sandhai ),Bhindi(Ladies Finger),Bhindi,Local,08/01/2025,3600.0,4000.0,3800.0
Tamil Nadu,Dindigul,Chinnalapatti(Uzhavar Sandhai ),Cabbage,Cabbage,Local,04/04/2023,3600.0,4000.0,3800.0
Tamil Nadu,Dindigul,Dindigul(Uzhavar Sandhai ),Banana,Besrai,Local,20/11/2025,6000.0,9000.0,7500.0
Tamil Nadu,Dindigul,Dindigul(Uzhavar Sandhai ),Potato,Red Nanital,Local,08/11/2025,4000.0,5000.0,4500.0
Tamil Nadu,Dindigul,Dindigul(Uzhavar Sandhai ),Cauliflower,Ranchi,Local,28/05/2025,5000.0,6000.0,5500.0
Tamil Nadu,Erode,Periyar Nagar(Uzhavar Sandhai ),Green Chilli,Green Chilly,Local,17/01/2024,5500.0,6000.0,5750.0
Tamil Nadu,Erode,Periyar Nagar(Uzhavar Sandhai ),Banana - Green,Banana - Green,Local,08/08/2024,3000.0,3500.0,3250.0
Tamil Nadu,Kallakuruchi,Sankarapuram(Uzhavar Sandhai ),Onion,Bellary,Local,17/05/2026,5000.0,5000.0,5000.0
Tamil Nadu,Kallakuruchi,Sankarapuram(Uzhavar Sandhai ),Banana - Green,Banana - Green,Local,24/02/2026,3000.0,3000.0,3000.0
Tamil Nadu,Kancheepuram,Kancheepuram(Uzhavar Sandhai ),Banana - Green,Banana - Green,Local,29/01/2025,3500.0,4000.0,3750.0
Tamil Nadu,Kancheepuram,Padappai(Uzhavar Sandhai ),Banana,Karpura,Local,27/06/2026,4000.0,5000.0,4500.0
Tamil Nadu,Kancheepuram,Padappai(Uzhavar Sandhai ),Potato,Other,Local,21/11/2024,2800.0,3500.0,3150.0
Tamil Nadu,Kancheepuram,Padappai(Uzhavar Sandhai ),Cauliflower,Ranchi,Local,06/05/2023,3000.0,3500.0,3250.0
Tamil Nadu,Kancheepuram,Padappai(Uzhavar Sandhai ),Banana - Green,Banana - Green,Local,17/02/2024,3500.0,4000.0,3750.0
Tamil Nadu,Krishnagiri,Avallapalli(Uzhavar Sandhai ),Cauliflower,Ranchi,Local,08/03/2023,3000.0,3500.0,3250.0
Tamil Nadu,Krishnagiri,Avallapalli(Uzhavar Sandhai ),Banana - Green,Banana - Green,Local,26/01/2024,3500.0,4000.0,3750.0
Tamil Nadu,Krishnagiri,Avallapalli(Uzhavar Sandhai ),Carrot,Pusakesar,Local,25/08/2024,5500.0,6000.0,5750.0
Tamil Nadu,Dharmapuri,Karimangalam(Uzhavar Sandhai),Cauliflower,Ranchi,Local,30/08/2025,3300.0,3500.0,3400.0
Tamil Nadu,Dharmapuri,Karimangalam(Uzhavar Sandhai),Carrot,Pusakesar,Local,09/10/2024,7000.0,7600.0,7300.0
Tamil Nadu,Krishnagiri,Denkanikottai(Uzhavar Sandhai ),Tomato,Local,Local,09/01/2023,1200.0,1500.0,1350.0
Tamil Nadu,Krishnagiri,Denkanikottai(Uzhavar Sandhai ),Green Chilli,Green Chilly,Local,22/08/2024,4500.0,5000.0,4750.0
Tamil Nadu,Krishnagiri,Denkanikottai(Uzhavar Sandhai ),Cabbage,Cabbage,Local,01/07/2024,1000.0,1500.0,1250.0
Tamil Nadu,Krishnagiri,Denkanikottai(Uzhavar Sandhai ),Onion Green,Onion Green,Local,19/09/2023,8500.0,9000.0,8750.0
Tamil Nadu,Madurai,Anaiyur(Uzhavar Sandhai ),Brinjal,Round,Local,01/03/2025,4000.0,4500.0,4250.0
Tamil Nadu,Madurai,Anaiyur(Uzhavar Sandhai ),Bhindi(Ladies Finger),Bhindi,Local,28/05/2023,5000.0,6000.0,5500.0
Tamil Nadu,Nagapattinam,Sirkali(Uzhavar Sandhai ),Potato,Red Nanital,Local,18/06/2023,3600.0,4000.0,3800.0
Tamil Nadu,Nagapattinam,Sirkali(Uzhavar Sandhai ),Cauliflower,Ranchi,Local,25/01/2024,5000.0,5000.0,5000.0
Tamil Nadu,Nagapattinam,Sirkali(Uzhavar Sandhai ),Brinjal,Round,Local,24/07/2025,5000.0,5500.0,5250.0
Tamil Nadu,Nagapattinam,Sirkali(Uzhavar Sandhai ),Tomato,Deshi,Local,06/01/2024,2000.0,2500.0,2250.0
Tamil Nadu,Nagapattinam,Sirkali(Uzhavar Sandhai ),Carrot,Pusakesar,Local,25/12/2024,8500.0,9000.0,8750.0
Tamil Nadu,Namakkal,Kumarapalayam(Uzhavar Sandhai ),Banana,Red Banana,Local,16/10/2025,5500.0,6000.0,5750.0
Tamil Nadu,Namakkal,Kumarapalayam(Uzhavar Sandhai ),Green Chilli,Green Chilly,Local,26/08/2023,5400.0,6000.0,5700.0
Tamil Nadu,Namakkal,Kumarapalayam(Uzhavar Sandhai ),Banana - Green,Banana - Green,Local,13/08/2025,3500.0,4000.0,3750.0
Tamil Nadu,Namakkal,Kumarapalayam(Uzhavar Sandhai ),Onion Green,Onion Green,Local,07/03/2026,5000.0,7000.0,6000.0
Tamil Nadu,Namakkal,Mohanur(Uzhavar Sandhai ),Potato,Red Nanital,Local,06/10/2024,3000.0,3500.0,3250.0
Tamil Nadu,Namakkal,Mohanur(Uzhavar Sandhai ),Bhindi(Ladies Finger),Bhindi,Local,29/05/2025,4400.0,4800.0,4600.0
Tamil Nadu,Namakkal,Namakkal(Uzhavar Sandhai ),Bhindi(Ladies Finger),Bhindi,Local,02/04/2024,3500.0,4200.0,3850.0
Tamil Nadu,Namakkal,Paramathivelur(Uzhavar Sandhai ),Onion,Bellary,Local,18/11/2023,5200.0,5800.0,5500.0
Tamil Nadu,Namakkal,Paramathivelur(Uzhavar Sandhai ),Brinjal,Other,Local,13/08/2025,5400.0,6000.0,5700.0
Tamil Nadu,Madurai,Palanganatham(Uzhavar Sandhai ),Onion,Bellary,Local,14/08/2025,3000.0,6000.0,4500.0
Tamil Nadu,Madurai,Anna nagar(Uzhavar Sandhai ),Apple,American,Local,14/05/2023,18000.0,20000.0,19000.0
Tamil Nadu,Madurai,Anna nagar(Uzhavar Sandhai ),Tomato,Deshi,Local,29/07/2026,2000.0,2400.0,2200.0
Tamil Nadu,Madurai,Anna nagar(Uzhavar Sandhai ),Banana - Green,Banana - Green,Local,01/02/2024,2500.0,3000.0,2750.0
Tamil Nadu,Perambalur,Perambalur(Uzhavar Sandhai ),Cabbage,Cabbage,Local,07/12/2025,3600.0,3600.0,3600.0
Tamil Nadu,Ranipet,Ranipettai(Uzhavar Sandhai ),Cabbage,Cabbage,Local,06/02/2025,2500.0,2500.0,2500.0
Tamil Nadu,Salem,Ammapet(Uzhavar Sandhai ),Green Chilli,Green Chilly,Local,29/01/2024,4800.0,5000.0,4900.0
Tamil Nadu,Salem,Mettur(Uzhavar Sandhai ),Banana,Red Banana,Local,02/09/2023,6000.0,7500.0,6750.0
Tamil Nadu,Salem,Mettur(Uzhavar Sandhai ),Onion,Bellary,Local,31/05/2025,4500.0,5800.0,5150.0
Tamil Nadu,Salem,Mettur(Uzhavar Sandhai ),Cauliflower,Ranchi,Local,11/01/2023,2000.0,3000.0,2500.0
Tamil Nadu,Salem,Mettur(Uzhavar Sandhai ),Green Chilli,Green Chilly,Local,06/10/2023,4800.0,5200.0,5000.0
Tamil Nadu,Thiruchirappalli,Thuraiyur APMC,Cauliflower,Ranchi,Local,16/05/2023,4500.0,5000.0,4750.0
Tamil Nadu,Thiruchirappalli,Thuraiyur APMC,Bhindi(Ladies Finger),Bhindi,Local,08/06/2024,5000.0,5500.0,5250.0
Tamil Nadu,Salem,Thammampatti (Uzhavar Sandhai ),Brinjal,Round,Local,14/02/2026,3500.0,4500.0,4000.0
Tamil Nadu,Salem,Thammampatti (Uzhavar Sandhai ),Banana - Green,Banana - Green,Local,17/01/2024,2000.0,2500.0,2250.0
Tamil Nadu,Salem,Thathakapatti(Uzhavar Sandhai ),Onion,Bellary,Local,04/02/2023,5000.0,5500.0,5250.0
Tamil Nadu,Salem,Thathakapatti(Uzhavar Sandhai ),Cauliflower,Ranchi,Local,13/06/2025,2000.0,2500.0,2250.0
Tamil Nadu,Salem,Thathakapatti(Uzhavar Sandhai ),Tomato,Deshi,Local,28/01/2026,1600.0,2000.0,1800.0
Tamil Nadu,Theni,Chinnamanur(Uzhavar Sandhai ),Soyabean,Local,Local,30/03/2026,10000.0,10000.0,10000.0
Tamil Nadu,Theni,Chinnamanur(Uzhavar Sandhai ),Onion,Bellary,Local,11/11/2023,5500.0,5500.0,5500.0
Tamil Nadu,Theni,Chinnamanur(Uzhavar Sandhai ),Brinjal,Other,Local,24/12/2025,3400.0,3600.0,3500.0
Tamil Nadu,Theni,Chinnamanur(Uzhavar Sandhai ),Green Chilli,Green Chilly,Local,10/02/2025,5600.0,5600.0,5600.0
Tamil Nadu,Theni,Chinnamanur(Uzhavar Sandhai ),Banana - Green,Banana - Green,Local,23/10/2023,3600.0,3600.0,3600.0
Tamil Nadu,Theni,Chinnamanur(Uzhavar Sandhai ),Carrot,Pusakesar,Local,03/11/2023,7800.0,7800.0,7800.0
Tamil Nadu,Theni,Kambam(Uzhavar Sandhai ),Carrot,Pusakesar,Local,05/07/2025,7000.0,7000.0,7000.0
Tamil Nadu,Theni,Theni(Uzhavar Sandhai ),Cabbage,Cabbage,Local,30/12/2025,3000.0,3000.0,3000.0
Tamil Nadu,Theni,Theni(Uzhavar Sandhai ),Onion Green,Onion Green,Local,07/07/2024,6000.0,7000.0,6500.0
Tamil Nadu,Thirunelveli,NGO Colony(Uzhavar Sandhai ),Green Chilli,Green Chilly,Local,29/04/2024,4000.0,4600.0,4300.0
Tamil Nadu,Thirunelveli,Palayamkottai(Uzhavar Sandhai ),Green Chilli,Green Chilly,Local,13/03/2023,4000.0,4600.0,4300.0
Tamil Nadu,Thirupur,Kangayam(Uzhavar Sandhai ),Brinjal,Round,Local,22/02/2023,6000.0,6500.0,6250.0
Tamil Nadu,Thirupur,Kangayam(Uzhavar Sandhai ),Tomato,Local,Local,19/02/2024,1200.0,1600.0,1400.0
Tamil Nadu,Thirupur,Kangayam(Uzhavar Sandhai ),Banana - Green,Banana - Green,Local,24/10/2024,2500.0,3000.0,2750.0
Tamil Nadu,Thiruvannamalai,Chengam(Uzhavar Sandhai ),Onion,Bellary,Local,10/08/2025,4200.0,5000.0,4600.0
Tamil Nadu,Thiruvannamalai,Chengam(Uzhavar Sandhai ),Cabbage,Cabbage,Local,29/03/2026,3300.0,4000.0,3650.0
Tamil Nadu,Thiruvannamalai,Tamarainagar(Uzhavar Sandhai ),Bhindi(Ladies Finger),Bhindi,Local,20/02/2025,3500.0,4000.0,3750.0
Tamil Nadu,Thiruvannamalai,Vandavasi(Uzhavar Sandhai ),Onion,Bellary,Local,14/12/2024,5000.0,6000.0,5500.0
Tamil Nadu,Thiruvannamalai,Vandavasi(Uzhavar Sandhai ),Potato,Other,Local,05/02/2023,3500.0,4000.0,3750.0
Tamil Nadu,Thiruvannamalai,Vandavasi(Uzhavar Sandhai ),Brinjal,Other,Local,29/07/2026,3500.0,4000.0,3750.0
Tamil Nadu,Coimbatore,Sulur(Uzhavar Sandhai ),Cabbage,Cabbage,Local,04/10/2024,2800.0,3200.0,3000.0
Tamil Nadu,Coimbatore,Sulur(Uzhavar Sandhai ),Onion Green,Onion Green,Local,19/11/2024,7000.0,7500.0,7250.0
Tamil Nadu,Pudukkottai,Gandarvakottai(Uzhavar Sandhai ),Potato,Other,Local,27/01/2025,4000.0,5000.0,4500.0
Tamil Nadu,Pudukkottai,Gandarvakottai(Uzhavar Sandhai ),Bhindi(Ladies Finger),Bhindi,Local,02/01/2025,3500.0,4000.0,3750.0
Tamil Nadu,Pudukkottai,Gandarvakottai(Uzhavar Sandhai ),Banana - Green,Banana - Green,Local,16/07/2023,2000.0,3000.0,2500.0
Tamil Nadu,Cuddalore,Panruti(Uzhavar Sandhai ),Banana,Besrai,Local,25/10/2023,4000.0,7000.0,5500.0
Tamil Nadu,Cuddalore,Panruti(Uzhavar Sandhai ),Tomato,Deshi,Local,15/05/2024,2000.0,2000.0,2000.0
Tamil Nadu,Cuddalore,Panruti(Uzhavar Sandhai ),Bhindi(Ladies Finger),Bhindi,Local,10/04/2023,4000.0,4000.0,4000.0
Tamil Nadu,Cuddalore,Panruti(Uzhavar Sandhai ),Banana - Green,Banana - Green,Local,27/12/2024,2500.0,2500.0,2500.0
Tamil Nadu,Cuddalore,Vadalur(Uzhavar Sandhai ),Tomato,Local,Local,13/02/2025,2500.0,2500.0,2500.0
Tamil Nadu,Cuddalore,Vadalur(Uzhavar Sandhai ),Bhindi(Ladies Finger),Bhindi,Local,25/04/2023,2500.0,2500.0,2500.0
Tamil Nadu,Karur,Velayuthampalayam(Uzhavar Sandhai ),Tomato,Other,Local,11/01/2023,2000.0,2400.0,2200.0
Tamil Nadu,Karur,Vengamedu(Uzhavar Sandhai ),Brinjal,Other,Local,02/04/2023,4000.0,5000.0,4500.0
Tamil Nadu,Karur,Vengamedu(Uzhavar Sandhai ),Tomato,Deshi,Local,04/06/2025,1900.0,2400.0,2150.0
Tamil Nadu,Karur,Vengamedu(Uzhavar Sandhai ),Onion Green,Onion Green,Local,25/02/2025,7500.0,8000.0,7750.0
Tamil Nadu,Theni,Devaram(Uzhavar Sandhai ),Banana,Besrai,Local,04/07/2023,6000.0,6000.0,6000.0
Tamil Nadu,Theni,Devaram(Uzhavar Sandhai ),Brinjal,Round,Local,18/12/2024,3500.0,3500.0,3500.0
Tamil Nadu,Theni,Devaram(Uzhavar Sandhai ),Onion Green,Onion Green,Local,27/04/2025,6500.0,6500.0,6500.0
Tamil Nadu,Salem,Attayampatti(Uzhavar Sandhai ),Banana,Red Banana,Local,07/02/2026,7500.0,7500.0,7500.0
Tamil Nadu,Salem,Attayampatti(Uzhavar Sandhai ),Banana - Green,Banana - Green,Local,31/08/2025,2400.0,2800.0,2600.0
Tamil Nadu,Salem,Attayampatti(Uzhavar Sandhai ),Onion Green,Onion Green,Local,24/06/2024,6500.0,6500.0,6500.0
Tamil Nadu,Sivaganga,Sivagangai (Uzhavar Sandhai ),Banana - Green,Banana - Green,Local,21/04/2023,3000.0,3000.0,3000.0
Tamil Nadu,Sivaganga,Sivagangai (Uzhavar Sandhai ),Carrot,Pusakesar,Local,17/03/2023,5200.0,8200.0,6700.0
Tamil Nadu,Sivaganga,Devakottai (Uzhavar Sandhai ),Banana,Poovan,Local,25/01/2023,3500.0,4000.0,3750.0
Tamil Nadu,Sivaganga,Devakottai (Uzhavar Sandhai ),Bhindi(Ladies Finger),Bhindi,Local,10/09/2023,4000.0,4200.0,4100.0
Tamil Nadu,Sivaganga,Devakottai (Uzhavar Sandhai ),Banana - Green,Banana - Green,Local,11/06/2024,2500.0,3000.0,2750.0
Tamil Nadu,Sivaganga,Devakottai (Uzhavar Sandhai ),Carrot,Pusakesar,Local,21/03/2023,6200.0,8400.0,7300.0
Tamil Nadu,Salem,Edapadi (Uzhavar Sandhai ),Banana,Red Banana,Local,23/05/2023,7500.0,8000.0,7750.0
Tamil Nadu,Salem,Elampillai(Uzhavar Sandhai ),Potato,Other,Local,28/04/2023,4500.0,5000.0,4750.0
Tamil Nadu,Salem,Elampillai(Uzhavar Sandhai ),Cauliflower,Ranchi,Local,08/12/2024,2500.0,3000.0,2750.0
Tamil Nadu,Salem,Elampillai(Uzhavar Sandhai ),Tomato,Other,Local,24/10/2025,1800.0,2200.0,2000.0
Tamil Nadu,Salem,Hasthampatti(Uzhavar Sandhai ),Apple,American,Local,26/03/2024,20000.0,22000.0,21000.0
Tamil Nadu,Salem,Hasthampatti(Uzhavar Sandhai ),Banana,Red Banana,Local,12/11/2023,7000.0,7500.0,7250.0
Tamil Nadu,Salem,Hasthampatti(Uzhavar Sandhai ),Cauliflower,Ranchi,Local,07/01/2025,2500.0,3000.0,2750.0
Tamil Nadu,Salem,Hasthampatti(Uzhavar Sandhai ),Green Chilli,Green Chilly,Local,06/10/2024,4800.0,5000.0,4900.0
Tamil Nadu,Salem,Jalagandapuram(Uzhavar Sandhai ),Apple,American,Local,19/01/2026,24000.0,26000.0,25000.0
Tamil Nadu,Salem,Jalagandapuram(Uzhavar Sandhai ),Bhindi(Ladies Finger),Bhindi,Local,18/03/2026,3000.0,3500.0,3250.0
Tamil Nadu,Sivaganga,Singampunari(Uzhavar Sandhai ),Banana - Green,Banana - Green,Local,11/05/2026,2500.0,3000.0,2750.0
Tamil Nadu,Sivaganga,Singampunari(Uzhavar Sandhai ),Onion Green,Onion Green,Local,09/08/2024,7500.0,8000.0,7750.0
Tamil Nadu,Sivaganga,Tirupatthur(Uzhavar Sandhai ),Cauliflower,Ranchi,Local,05/12/2025,4000.0,4500.0,4250.0
Tamil Nadu,Sivaganga,Tirupatthur(Uzhavar Sandhai ),Brinjal,Other,Local,11/12/2025,4500.0,5000.0,4750.0
Tamil Nadu,Sivaganga,Tirupatthur(Uzhavar Sandhai ),Tomato,Other,Local,01/05/2026,2200.0,2500.0,2350.0
Tamil Nadu,Sivaganga,Tirupatthur(Uzhavar Sandhai ),Banana - Green,Banana - Green,Local,14/06/2024,2500.0,3000.0,2750.0
Tamil Nadu,Sivaganga,Tirupatthur(Uzhavar Sandhai ),Carrot,Pusakesar,Local,22/02/2023,5400.0,8500.0,6950.0
Tamil Nadu,Sivaganga,Tirupatthur(Uzhavar Sandhai ),Onion Green,Onion Green,Local,03/05/2023,8000.0,8500.0,8250.0
Tamil Nadu,Thanjavur,Pattukottai(Uzhavar Sandhai ),Cauliflower,Ranchi,Local,30/01/2025,4800.0,4800.0,4800.0
Tamil Nadu,Thanjavur,Pattukottai(Uzhavar Sandhai ),Green Chilli,Green Chilly,Local,26/09/2025,6400.0,6400.0,6400.0
Tamil Nadu,Thanjavur,Thanjavur(Uzhavar Sandhai ),Onion,Bellary,Local,13/12/2024,5400.0,6000.0,5700.0
Tamil Nadu,Thanjavur,Thanjavur(Uzhavar Sandhai ),Potato,Red Nanital,Local,10/03/2025,3000.0,3000.0,3000.0
Tamil Nadu,Thiruchirappalli,Lalgudi(Uzhavar Sandhai ),Onion Green,Onion Green,Local,18/04/2023,8000.0,8000.0,8000.0
Tamil Nadu,Thiruchirappalli,Manachanallur(Uzhavar Sandhai ),Potato,Other,Local,14/04/2023,3000.0,3000.0,3000.0
Tamil Nadu,Thiruchirappalli,Manachanallur(Uzhavar Sandhai ),Brinjal,Other,Local,22/08/2024,6000.0,6000.0,6000.0
Tamil Nadu,Thiruchirappalli,Manachanallur(Uzhavar Sandhai ),Onion Green,Onion Green,Local,08/05/2026,7000.0,7000.0,7000.0
Tamil Nadu,Thiruchirappalli,Manapparai(Uzhavar Sandhai ),Tomato,Other,Local,07/05/2026,2500.0,2500.0,2500.0
Tamil Nadu,Thiruchirappalli,Manapparai(Uzhavar Sandhai ),Banana - Green,Banana - Green,Local,27/04/2024,3000.0,3000.0,3000.0
Tamil Nadu,Thiruchirappalli,Manapparai(Uzhavar Sandhai ),Carrot,Pusakesar,Local,07/07/2023,9000.0,9000.0,9000.0
Tamil Nadu,Thiruchirappalli,Musiri(Uzhavar Sandhai ),Cabbage,Cabbage,Local,22/08/2023,2600.0,3000.0,2800.0
Tamil Nadu,Thiruchirappalli,Thiruverumbur(Uzhavar Sandhai ),Banana,Karpura,Local,22/02/2025,4000.0,4000.0,4000.0
Tamil Nadu,Thiruchirappalli,Thiruverumbur(Uzhavar Sandhai ),Onion,Bellary,Local,09/05/2026,4000.0,5600.0,4800.0
Tamil Nadu,Thiruchirappalli,Thiruverumbur(Uzhavar Sandhai ),Potato,Other,Local,01/03/2025,3000.0,3000.0,3000.0
Tamil Nadu,Thiruchirappalli,Thiruverumbur(Uzhavar Sandhai ),Bhindi(Ladies Finger),Bhindi,Local,06/01/2024,5000.0,5000.0,5000.0
Tamil Nadu,Virudhunagar,Rajapalayam(Uzhavar Sandhai ),Onion,Bellary,Local,29/04/2026,5000.0,5500.0,5250.0
Tamil Nadu,Virudhunagar,Rajapalayam(Uzhavar Sandhai ),Brinjal,Round,Local,25/01/2024,3000.0,3500.0,3250.0
Tamil Nadu,Virudhunagar,Rajapalayam(Uzhavar Sandhai ),Bhindi(Ladies Finger),Bhindi,Local,20/10/2025,3000.0,3500.0,3250.0
Tamil Nadu,Virudhunagar,Rajapalayam(Uzhavar Sandhai ),Onion Green,Onion Green,Local,25/04/2024,5000.0,6000.0,5500.0
Tamil Nadu,Virudhunagar,Sivakasi(Uzhavar Sandhai ),Brinjal,Round,Local,21/01/2023,2500.0,3000.0,2750.0
Tamil Nadu,Virudhunagar,Sivakasi(Uzhavar Sandhai ),Tomato,Deshi,Local,21/12/2024,1500.0,2000.0,1750.0
Tamil Nadu,Virudhunagar,Sivakasi(Uzhavar Sandhai ),Carrot,Pusakesar,Local,21/06/2024,5000.0,6000.0,5500.0
Tamil Nadu,Virudhunagar,Thalavaipuram(Uzhavar Sandhai ),Tomato,Deshi,Local,01/03/2025,1400.0,1800.0,1600.0
Tamil Nadu,Virudhunagar,Thalavaipuram(Uzhavar Sandhai ),Bhindi(Ladies Finger),Bhindi,Local,01/05/2023,2800.0,3500.0,3150.0
Tamil Nadu,Virudhunagar,Thalavaipuram(Uzhavar Sandhai ),Cabbage,Cabbage,Local,31/05/2026,3200.0,4000.0,3600.0
Tamil Nadu,Virudhunagar,Thalavaipuram(Uzhavar Sandhai ),Onion Green,Onion Green,Local,21/02/2024,5000.0,6000.0,5500.0
Tamil Nadu,Virudhunagar,Virudhunagar(Uzhavar Sandhai ),Carrot,Pusakesar,Local,09/11/2023,7400.0,7500.0,7450.0
Tamil Nadu,Virudhunagar,Virudhunagar(Uzhavar Sandhai ),Cabbage,Cabbage,Local,10/01/2023,3500.0,3600.0,3550.0
Tamil Nadu,Chengalpattu,Nanganallur(Uzhavar Sandhai ),Banana,Red Banana,Local,21/07/2025,9000.0,10000.0,9500.0
Tamil Nadu,Chengalpattu,Nanganallur(Uzhavar Sandhai ),Cauliflower,Ranchi,Local,02/07/2024,2500.0,3000.0,2750.0
Tamil Nadu,Chengalpattu,Nanganallur(Uzhavar Sandhai ),Green Chilli,Green Chilly,Local,04/08/2025,5000.0,6000.0,5500.0
Tamil Nadu,Chengalpattu,Nanganallur(Uzhavar Sandhai ),Onion Green,Onion Green,Local,29/07/2023,8000.0,9000.0,8500.0
Tamil Nadu,Chengalpattu,Pallavaram(Uzhavar Sandhai ),Bhindi(Ladies Finger),Bhindi,Local,05/05/2024,4000.0,5000.0,4500.0
Tamil Nadu,Chengalpattu,Pallavaram(Uzhavar Sandhai ),Banana - Green,Banana - Green,Local,05/03/2023,3500.0,4000.0,3750.0
Tamil Nadu,Nagercoil (Kannyiakumari),Myladi(Uzhavar Sandhai ),Onion,Bellary,Local,01/02/2026,4500.0,5000.0,4750.0
Tamil Nadu,Nagercoil (Kannyiakumari),Myladi(Uzhavar Sandhai ),Cauliflower,Ranchi,Local,17/08/2025,5000.0,5500.0,5250.0
Tamil Nadu,Nagercoil (Kannyiakumari),Myladi(Uzhavar Sandhai ),Bhindi(Ladies Finger),Bhindi,Local,16/02/2026,5500.0,6000.0,5750.0
Andhra Pradesh,West Godavari,Penugonda APMC,Paddy(Common),1001,Local,12/01/2023,2369.0,2380.0,2370.0
Tamil Nadu,Villupuram,Tindivanam APMC,Brinjal,Round,Local,23/07/2023,4000.0,4000.0,4000.0
Tamil Nadu,Villupuram,Tindivanam APMC,Tomato,Deshi,Local,10/06/2026,1800.0,1800.0,1800.0
Tamil Nadu,Villupuram,Tindivanam APMC,Bhindi(Ladies Finger),Bhindi,Local,28/11/2024,3000.0,3000.0,3000.0
Tamil Nadu,Villupuram,Tindivanam APMC,Cabbage,Cabbage,Local,24/02/2024,3500.0,3500.0,3500.0
Tamil Nadu,Villupuram,Tindivanam APMC,Onion Green,Onion Green,Local,08/10/2024,7600.0,7600.0,7600.0
Tamil Nadu,Villupuram,Ulundurpettai APMC,Brinjal,Round,Local,03/01/2026,5000.0,5000.0,5000.0
Tamil Nadu,Villupuram,Ulundurpettai APMC,Tomato,Deshi,Local,30/11/2024,2000.0,2000.0,2000.0
Tamil Nadu,Villupuram,Ulundurpettai APMC,Green Chilli,Green Chilly,Local,19/05/2023,6000.0,6000.0,6000.0
Keralam,Malappuram,Thirurrangadi Market,Potato,Other,FAQ,09/03/2026,2500.0,2500.0,2500.0
Keralam,Malappuram,Thirurrangadi Market,Green Chilli,Other,FAQ,21/04/2024,6000.0,6000.0,6000.0
Maharashtra,Jalna,BHOKARDAN APMC,Wheat,Other,Non-FAQ,06/06/2023,2400.0,2550.0,2500.0
Maharashtra,Pune,Pune(Moshi) APMC,Green Chilli,Other,Local,29/07/2025,3000.0,4000.0,3500.0
Maharashtra,Pune,Pune(Moshi) APMC,Banana,Other,Local,15/09/2024,3000.0,7000.0,5000.0
Maharashtra,Pune,Pune(Moshi) APMC,Onion,Local,Local,23/02/2025,1500.0,3000.0,2250.0
Maharashtra,Pune,Pune(Moshi) APMC,Cabbage,Other,Local,25/07/2025,1000.0,1000.0,1000.0
Maharashtra,Satara,Vai APMC,Green Chilli,Other,Local,22/03/2026,3000.0,4000.0,3500.0
Madhya Pradesh,Vidisha,Shamshabad APMC,Wheat,Mill Quality,FAQ,21/08/2025,2430.0,2470.0,2470.0
Madhya Pradesh,Shivpuri,Pohari APMC,Wheat,Mill Quality,Non-FAQ,19/02/2025,2455.0,2455.0,2455.0
Gujarat,Anand,"Anand(Veg,Yard,Anand) APMC",Cabbage,Cabbage,Grade B,23/01/2024,1000.0,1500.0,1250.0
Gujarat,Sabarkantha,Modasa(Tintoi) APMC,Wheat,Lokwan,FAQ,11/05/2023,2500.0,2545.0,2545.0
Gujarat,Amreli,Babra APMC,Wheat,Medium,FAQ,07/03/2023,2555.0,2670.0,2610.0
Gujarat,Amreli,Damnagar APMC,Brinjal,Other,Local,20/03/2024,2500.0,2500.0,2500.0
Gujarat,Rajkot,Gondal(Veg.market Gondal) APMC,Bhindi(Ladies Finger),Bhindi,Local,01/08/2024,1000.0,5000.0,3000.0
Gujarat,Rajkot,Gondal(Veg.market Gondal) APMC,Carrot,Carrot,Local,28/06/2023,1000.0,3000.0,2000.0
Tamil Nadu,Madurai,Chokkikulam(Uzhavar Sandhai ),Onion,Bellary,Local,12/10/2025,3000.0,4000.0,3500.0
Tamil Nadu,Madurai,Chokkikulam(Uzhavar Sandhai ),Potato,Red Nanital,Local,02/05/2026,2800.0,6000.0,4400.0
Gujarat,Amreli,The Agricultural Produce Market Committee-Amreli,Soyabean,Soyabeen,FAQ,03/04/2023,5275.0,6075.0,6025.0
Gujarat,Surat,Surat APMC,Banana - Green,Other,FAQ,14/02/2026,800.0,1800.0,1300.0
Gujarat,Surat,Surat APMC,Bhindi(Ladies Finger),Bhindi,FAQ,24/02/2023,900.0,3000.0,1950.0
Gujarat,Surat,Surat APMC,Cabbage,Cabbage,FAQ,10/06/2025,750.0,1600.0,1175.0
Gujarat,Surat,Surat APMC,Onion,Other,FAQ,15/02/2025,1300.0,4400.0,2850.0
Gujarat,Surat,Surat APMC,Potato,Other,FAQ,15/06/2026,400.0,1650.0,1025.0
Andhra Pradesh,Prakasam,Addanki APMC,Paddy(Common),Paddy,FAQ,13/10/2024,2390.0,2420.0,2400.0
Andhra Pradesh,SPSR Nellore,Udayagiri APMC,Paddy(Common),Paddy,Local,09/02/2024,2444.0,2464.0,2454.0
Andhra Pradesh,Prakasam,Kandukur APMC,Paddy(Common),Other,Local,30/09/2024,2380.0,2450.0,2400.0
Andhra Pradesh,Markapuram,Cumbum APMC,Cotton,Other,FAQ,23/02/2023,7900.0,8100.0,8000.0
Andhra Pradesh,YSR Kadapa,Siddavatam APMC,Banana,Medium,Grade B,27/02/2023,1500.0,1700.0,1600.0
Andhra Pradesh,Ananthapuramu,Urvakonda APMC,Bengal Gram(Gram)(Whole),Other,Local,24/01/2026,6000.0,6200.0,6100.0
Uttarakhand,Haridwar,Roorkee APMC,Banana,Other,Medium,01/11/2024,800.0,1200.0,1000.0
Uttarakhand,Haridwar,Roorkee APMC,Cauliflower,Other,Local,17/08/2024,1000.0,1400.0,1200.0
Tamil Nadu,Erode,Thalavadi(Uzhavar Sandhai ),Cauliflower,Ranchi,Local,13/10/2023,2500.0,3000.0,2750.0
Tamil Nadu,Erode,Thalavadi(Uzhavar Sandhai ),Tomato,Other,Local,11/01/2025,1200.0,1600.0,1400.0
Tamil Nadu,Cuddalore,Viruthachalam(Uzhavar Sandhai ),Banana,Besrai,Local,29/01/2026,4000.0,7000.0,5500.0
Tamil Nadu,Cuddalore,Viruthachalam(Uzhavar Sandhai ),Onion,Bellary,Local,17/01/2024,5000.0,5000.0,5000.0
Tamil Nadu,Cuddalore,Viruthachalam(Uzhavar Sandhai ),Bhindi(Ladies Finger),Bhindi,Local,30/06/2026,3000.0,3000.0,3000.0
Tamil Nadu,Cuddalore,Viruthachalam(Uzhavar Sandhai ),Carrot,Pusakesar,Local,08/04/2023,8000.0,8000.0,8000.0
Tamil Nadu,Krishnagiri,Krishnagiri(Uzhavar Sandhai ),Banana,Besrai,Local,20/11/2025,6000.0,7000.0,6500.0
Tamil Nadu,Krishnagiri,Krishnagiri(Uzhavar Sandhai ),Potato,Red Nanital,Local,18/11/2025,2000.0,2600.0,2300.0
Tamil Nadu,Krishnagiri,Krishnagiri(Uzhavar Sandhai ),Bhindi(Ladies Finger),Bhindi,Local,22/12/2025,2500.0,3000.0,2750.0
Tamil Nadu,Nagapattinam,Nagapattinam(Uzhavar Sandhai ),Banana,Poovan,Local,16/06/2026,3900.0,4200.0,4050.0
Tamil Nadu,Nagapattinam,Nagapattinam(Uzhavar Sandhai ),Brinjal,Round,Local,04/12/2024,3800.0,4500.0,4150.0
Tamil Nadu,Nagapattinam,Nagapattinam(Uzhavar Sandhai ),Tomato,Deshi,Local,06/12/2025,2900.0,3300.0,3100.0
Tamil Nadu,Nagapattinam,Nagapattinam(Uzhavar Sandhai ),Carrot,Pusakesar,Local,14/04/2024,6200.0,7000.0,6600.0
Tamil Nadu,Pudukkottai,Pudukottai(Uzhavar Sandhai ),Brinjal,Round,Local,20/06/2026,7000.0,7500.0,7250.0
Tamil Nadu,Pudukkottai,Pudukottai(Uzhavar Sandhai ),Tomato,Deshi,Local,29/11/2024,2000.0,2500.0,2250.0
Tamil Nadu,Pudukkottai,Pudukottai(Uzhavar Sandhai ),Carrot,Pusakesar,Local,19/02/2024,8000.0,9000.0,8500.0
Tamil Nadu,Pudukkottai,Pudukottai(Uzhavar Sandhai ),Cabbage,Cabbage,Local,06/08/2024,3000.0,4000.0,3500.0
Tamil Nadu,Thiruvarur,Tiruvarur(Uzhavar Sandhai ),Bhindi(Ladies Finger),Bhindi,Local,23/01/2024,4000.0,4000.0,4000.0
West Bengal,Medinipur(E),Tamluk (Medinipur E) APMC,Potato,Jyoti,FAQ,31/12/2024,740.0,780.0,760.0
Bihar,East Champaran/ Motihari,Raxaul APMC,Brinjal,Arkasheela Mattigulla,Grade A,01/03/2026,1600.0,1800.0,1700.0
Bihar,East Champaran/ Motihari,Raxaul APMC,Potato,Red Nanital,Grade A,29/01/2023,1400.0,1600.0,1500.0
Tamil Nadu,Villupuram,Gingee(Uzhavar Sandhai ),Cabbage,Cabbage,Local,20/01/2023,4000.0,4000.0,4000.0
Tamil Nadu,Thiruvarur,Valangaiman APMC,Brinjal,Round,Local,26/03/2026,4000.0,4000.0,4000.0
Andhra Pradesh,Srikakulam,Ichapuram APMC,Paddy(Common),Sannalu,Local,02/06/2023,2369.0,2369.0,2369.0
Tamil Nadu,Thiruvellore,Tiruthani(Uzhavar Sandhai ),Onion,Bellary,Local,23/01/2025,5000.0,5000.0,5000.0
Tamil Nadu,Thiruvellore,Tiruthani(Uzhavar Sandhai ),Cabbage,Cabbage,Local,01/03/2025,4000.0,4000.0,4000.0
Tamil Nadu,Virudhunagar,Kariyapatti(Uzhavar Sandhai ),Potato,Red Nanital,Local,02/12/2023,3000.0,3500.0,3250.0
Tamil Nadu,Virudhunagar,Kariyapatti(Uzhavar Sandhai ),Cauliflower,Ranchi,Local,05/03/2024,3500.0,4000.0,3750.0
Tamil Nadu,Virudhunagar,Kariyapatti(Uzhavar Sandhai ),Green Chilli,Green Chilly,Local,09/07/2023,5500.0,6000.0,5750.0
Tamil Nadu,Virudhunagar,Kariyapatti(Uzhavar Sandhai ),Carrot,Pusakesar,Local,20/04/2026,8500.0,9000.0,8750.0
Madhya Pradesh,Dhar,Kukshi(F&V) APMC,Brinjal,Brinjal,Grade A,08/03/2025,400.0,800.0,600.0
Madhya Pradesh,Dhar,Kukshi(F&V) APMC,Potato,Potato,Grade A,19/02/2024,800.0,1200.0,1000.0
Tamil Nadu,Vellore,Katpadi (Uzhavar Sandhai ),Onion,Bellary,Local,18/01/2024,6000.0,6000.0,6000.0
Tamil Nadu,Vellore,Katpadi (Uzhavar Sandhai ),Potato,Red Nanital,Local,20/09/2023,2500.0,3800.0,3150.0
Tamil Nadu,Vellore,Katpadi (Uzhavar Sandhai ),Brinjal,Round,Local,27/04/2026,4000.0,5000.0,4500.0
Tamil Nadu,Vellore,Katpadi (Uzhavar Sandhai ),Bhindi(Ladies Finger),Bhindi,Local,31/03/2026,3500.0,3500.0,3500.0
Tamil Nadu,Madurai,Thirumangalam(Uzhavar Sandhai ),Tomato,Deshi,Local,19/03/2026,2000.0,2400.0,2200.0
Tamil Nadu,Madurai,Melur(Uzhavar Sandhai ),Banana,Besrai,Local,18/06/2026,4000.0,5000.0,4500.0
Tamil Nadu,Madurai,Melur(Uzhavar Sandhai ),Bhindi(Ladies Finger),Bhindi,Local,14/03/2026,5000.0,6000.0,5500.0
Tamil Nadu,Madurai,Melur(Uzhavar Sandhai ),Banana - Green,Banana - Green,Local,04/02/2026,2000.0,2300.0,2150.0
Tamil Nadu,Karur,Gandhigramam(Uzhavar Sandhai),Bhindi(Ladies Finger),Bhindi,Local,12/02/2024,4000.0,4500.0,4250.0
Tamil Nadu,Karur,Gandhigramam(Uzhavar Sandhai),Green Chilli,Green Chilly,Local,07/03/2026,4000.0,5000.0,4500.0
Tamil Nadu,Pudukkottai,Aranthangi(Uzhavar Sandhai ),Brinjal,Other,Local,20/01/2026,5000.0,6000.0,5500.0
Tamil Nadu,Pudukkottai,Aranthangi(Uzhavar Sandhai ),Tomato,Other,Local,09/12/2025,2000.0,2500.0,2250.0
Tamil Nadu,Pudukkottai,Aranthangi(Uzhavar Sandhai ),Onion Green,Onion Green,Local,20/10/2023,7000.0,8000.0,7500.0
Keralam,Thirssur,Kadukutty VFPCK Market,Banana,Robusta,Grade A,23/09/2024,2200.0,2600.0,2400.0
Tamil Nadu,Nagapattinam,Vedaranyam(Uzhavar Sandhai),Onion Green,Onion Green,Local,27/05/2026,4000.0,5000.0,4500.0
Tamil Nadu,Vellore,Perampet(Uzhavar Sandhai),Potato,Red Nanital,Local,25/11/2024,3000.0,3000.0,3000.0
Tamil Nadu,Vellore,Perampet(Uzhavar Sandhai),Onion Green,Onion Green,Local,14/04/2023,7000.0,8000.0,7500.0
Maharashtra,Pune,Pune(Pimpri) APMC,Bhindi(Ladies Finger),Other,Local,10/05/2024,3500.0,3500.0,3500.0
Maharashtra,Pune,Pune(Pimpri) APMC,Tomato,Local,Local,17/04/2025,1200.0,1500.0,1350.0
Madhya Pradesh,Badwani,Sendhwa(F&V) APMC,Bhindi(Ladies Finger),Bhindi,Medium,29/02/2024,700.0,1100.0,900.0
Madhya Pradesh,Badwani,Sendhwa(F&V) APMC,Cabbage,Cabbage,Medium,22/02/2023,800.0,1100.0,900.0
Andhra Pradesh,Srikakulam,Etcherla APMC,Maize,Deshi White,Local,17/11/2023,2400.0,2400.0,2400.0
Andhra Pradesh,Srikakulam,Etcherla APMC,Paddy(Common),1121,FAQ,17/07/2023,2369.0,2369.0,2369.0
Tamil Nadu,Karur,Kulithalai(Uzhavar Sandhai ),Onion,Bellary,Local,04/07/2025,5000.0,5800.0,5400.0
Tamil Nadu,Karur,Kulithalai(Uzhavar Sandhai ),Tomato,Deshi,Local,02/09/2023,2000.0,2400.0,2200.0
Tamil Nadu,Karur,Kulithalai(Uzhavar Sandhai ),Banana - Green,Banana - Green,Local,12/11/2023,3500.0,4000.0,3750.0
Tamil Nadu,Karur,Kulithalai(Uzhavar Sandhai ),Carrot,Pusakesar,Local,09/10/2024,8000.0,8600.0,8300.0
Tamil Nadu,Thirupur,Dharapuram(Uzhavar Sandhai ),Tomato,Local,Local,13/09/2025,1000.0,1500.0,1250.0
Tamil Nadu,Thirupur,Dharapuram(Uzhavar Sandhai ),Cabbage,Cabbage,Local,29/11/2025,3000.0,3500.0,3250.0
Tamil Nadu,Thirupur,Palladam(Uzhavar Sandhai ),Bhindi(Ladies Finger),Bhindi,Local,11/03/2023,4000.0,5000.0,4500.0
Tamil Nadu,Kallakuruchi,Kallakurichi(Uzhavar Sandhai ),Banana,Red Banana,Local,15/02/2026,8000.0,10000.0,9000.0
Tamil Nadu,Kallakuruchi,Kallakurichi(Uzhavar Sandhai ),Onion Green,Onion Green,Local,05/03/2023,7000.0,7000.0,7000.0
Tamil Nadu,Thirupathur,Natrampalli(Uzhavar Sandhai ),Potato,Red Nanital,Local,20/01/2023,3000.0,3500.0,3250.0
Andhra Pradesh,Eluru,Kaikaluru APMC,Paddy(Common),MTU-1001,Local,31/07/2023,2440.0,2440.0,2440.0
Andhra Pradesh,Bapatla,Chirala APMC,Paddy(Common),B P T,Local,03/04/2025,2400.0,2500.0,2450.0
Andhra Pradesh,Anakapally,Madugula APMC,Paddy(Common),Paddy,Local,23/01/2026,2200.0,2400.0,2300.0
Andhra Pradesh,Dr.B.R.A.Konaseema,Ravulapalem (Kothapeta APMC),Banana,Chakkarakeli(Red),Local,05/04/2024,4200.0,4700.0,4500.0
Andhra Pradesh,Dr.B.R.A.Konaseema,Ravulapalem (Kothapeta APMC),Banana,Desi(Bontha),Local,21/05/2026,2100.0,2600.0,2400.0
Andhra Pradesh,Srikakulam,Kothabommali APMC,Paddy(Common),Paddy,Local,29/01/2026,3200.0,3200.0,3200.0
Andhra Pradesh,Vijayanagaram,Kothavalasa APMC,Paddy(Common),1001,Local,11/08/2023,2369.0,2369.0,2369.0
Andhra Pradesh,Parvathipuram Manyam,Kurupam APMC,Maize,Hybrid/Local,Local,24/05/2025,2400.0,2400.0,2400.0
Andhra Pradesh,Eluru,Polavaram APMC,Paddy(Common),1001,Local,18/07/2025,2445.0,2445.0,2445.0
Andhra Pradesh,Kakinada,Pithapuram APMC,Paddy(Common),1001,FAQ,14/08/2023,2369.0,2389.0,2379.0
Andhra Pradesh,Ananthapuramu,RAYADURG APMC,Maize,Local,Grade Range-1,13/04/2024,2200.0,2700.0,2400.0
Andhra Pradesh,Srikakulam,Srikakulam APMC,Paddy(Common),1001,FAQ,22/12/2024,2400.0,2400.0,2400.0
Tamil Nadu,Salem,Athur(Uzhavar Sandhai ),Potato,Other,Local,15/11/2024,2800.0,3000.0,2900.0
Tamil Nadu,Salem,Athur(Uzhavar Sandhai ),Onion Green,Onion Green,Local,27/11/2023,5000.0,6000.0,5500.0
Telangana,Karimnagar,V.Saidapur APMC,Paddy(Common),1001,Non-FAQ,13/05/2026,2369.0,2369.0,2369.0
Tamil Nadu,Virudhunagar,Srivilliputhur(Uzhavar Sandhai ),Onion,Bellary,Local,10/11/2025,3500.0,4000.0,3750.0
Tamil Nadu,Virudhunagar,Srivilliputhur(Uzhavar Sandhai ),Potato,Red Nanital,Local,20/08/2024,2500.0,3000.0,2750.0
Tamil Nadu,Virudhunagar,Srivilliputhur(Uzhavar Sandhai ),Green Chilli,Green Chilly,Local,02/06/2025,4000.0,5000.0,4500.0
Tamil Nadu,Virudhunagar,Srivilliputhur(Uzhavar Sandhai ),Cabbage,Cabbage,Local,30/10/2024,2500.0,3000.0,2750.0
Punjab,Ludhiana,Sahnewal APMC,Onion,Onion,FAQ,12/12/2024,4100.0,4100.0,4100.0
Punjab,Ludhiana,Sahnewal APMC,Bhindi(Ladies Finger),Bhindi,FAQ,06/12/2024,2800.0,2800.0,2800.0
Odisha,Kalahandi,Mukhiguda APMC,Tomato,Tomato,Grade B,15/05/2025,1500.0,3000.0,2250.0
Tripura,North Tripura,Dasda APMC,Brinjal,Round/Long,FAQ,17/11/2024,2650.0,2750.0,2700.0
Tripura,North Tripura,Dasda APMC,Rice,Other,FAQ,10/12/2024,3250.0,3350.0,3300.0
Tripura,North Tripura,Dasda APMC,Onion,Onion,FAQ,10/11/2024,3100.0,3200.0,3150.0
Tamil Nadu,Coimbatore,Vadavalli(Uzhavar Sandhai ),Apple,American,Local,15/11/2024,20000.0,28000.0,24000.0
Tamil Nadu,Coimbatore,Vadavalli(Uzhavar Sandhai ),Brinjal,Other,Local,09/05/2026,3200.0,3600.0,3400.0
Tamil Nadu,Coimbatore,Vadavalli(Uzhavar Sandhai ),Carrot,Pusakesar,Local,23/01/2023,6500.0,7200.0,6850.0
Tamil Nadu,Coimbatore,Vadavalli(Uzhavar Sandhai ),Cabbage,Cabbage,Local,03/03/2025,2400.0,2800.0,2600.0
West Bengal,Darjeeling,Karsiyang(Matigara) APMC,Potato,Red,FAQ,14/02/2025,1400.0,1600.0,1500.0
Tamil Nadu,Coimbatore,Udumalpet APMC,Brinjal,Other,Local,13/04/2025,5000.0,5500.0,5250.0
West Bengal,Darjeeling,Siliguri APMC,Green Chilli,Green Chilly,FAQ,14/03/2026,4500.0,5000.0,4800.0
West Bengal,Darjeeling,Siliguri APMC,Onion,Onion,FAQ,19/11/2023,4000.0,4500.0,4200.0
Tamil Nadu,Erode,Gobichettipalayam(Uzhavar Sandhai ),Tomato,Deshi,Local,28/06/2026,1800.0,2000.0,1900.0
Tamil Nadu,Erode,Gobichettipalayam(Uzhavar Sandhai ),Carrot,Pusakesar,Local,05/01/2024,8000.0,8500.0,8250.0
Tamil Nadu,Erode,Sampath Nagar(Uzhavar Sandhai ),Banana,Besrai,Local,05/04/2026,2400.0,2800.0,2600.0
Tamil Nadu,Erode,Sampath Nagar(Uzhavar Sandhai ),Brinjal,Other,Local,28/07/2023,4000.0,4200.0,4100.0
Tamil Nadu,Erode,Sampath Nagar(Uzhavar Sandhai ),Bhindi(Ladies Finger),Bhindi,Local,09/03/2023,3600.0,4000.0,3800.0
Tamil Nadu,Erode,Sampath Nagar(Uzhavar Sandhai ),Banana - Green,Banana - Green,Local,05/10/2025,3000.0,3500.0,3250.0
Tamil Nadu,Erode,Sampath Nagar(Uzhavar Sandhai ),Cabbage,Cabbage,Local,29/09/2024,2200.0,2500.0,2350.0
Odisha,Jagatsinghpur,Rahama APMC,Brinjal,Other,Local,06/08/2024,4000.0,6000.0,5000.0
Andhra Pradesh,Kakinada,Samalkot APMC,Paddy(Common),Paddy,FAQ,18/02/2024,2369.0,2380.0,2369.0
Odisha,Kalahandi,Junagarh APMC,Tomato,Other,Grade B,28/02/2025,2600.0,3000.0,2800.0
Tamil Nadu,Pudukkottai,Viralimalai(Uzhavar Sandhai ),Onion,Bellary,Local,02/03/2024,4500.0,5000.0,4750.0
Tamil Nadu,Pudukkottai,Viralimalai(Uzhavar Sandhai ),Banana - Green,Banana - Green,Local,24/02/2026,2500.0,3000.0,2750.0
Tamil Nadu,Ramanathapuram,Paramakudi(Uzhavar Sandhai ),Tomato,Deshi,Local,20/12/2024,2000.0,2500.0,2250.0
Tamil Nadu,Ramanathapuram,Paramakudi(Uzhavar Sandhai ),Bhindi(Ladies Finger),Bhindi,Local,07/05/2023,4500.0,5000.0,4750.0
Tamil Nadu,Ramanathapuram,Paramakudi(Uzhavar Sandhai ),Green Chilli,Green Chilly,Local,28/08/2023,7000.0,7500.0,7250.0
Tamil Nadu,Ramanathapuram,Ramanathapuram(Uzhavar Sandhai ),Soyabean,Local,Local,25/03/2025,9000.0,9500.0,9250.0
Tamil Nadu,Ramanathapuram,Ramanathapuram(Uzhavar Sandhai ),Potato,Red Nanital,Local,19/02/2024,4800.0,5000.0,4900.0
Tamil Nadu,Ramanathapuram,Ramanathapuram(Uzhavar Sandhai ),Green Chilli,Green Chilly,Local,17/09/2025,6000.0,6500.0,6250.0
Tamil Nadu,Pudukkottai,Alangudi(Uzhavar Sandhai ),Green Chilli,Green Chilly,Local,25/04/2026,5000.0,6000.0,5500.0
Tamil Nadu,Thiruvannamalai,Arani(Uzhavar Sandhai ),Potato,Red Nanital,Local,29/11/2023,3500.0,4000.0,3750.0
Tamil Nadu,Thiruvannamalai,Arani(Uzhavar Sandhai ),Bhindi(Ladies Finger),Bhindi,Local,20/06/2024,3500.0,4200.0,3850.0
Tamil Nadu,Thiruvannamalai,Arani(Uzhavar Sandhai ),Green Chilli,Green Chilly,Local,07/02/2024,5000.0,6000.0,5500.0
Tamil Nadu,Thiruvannamalai,Polur(Uzhavar Sandhai ),Potato,Red Nanital,Local,12/09/2023,3300.0,4000.0,3650.0
Tamil Nadu,Thiruvannamalai,Polur(Uzhavar Sandhai ),Brinjal,Round,Local,22/01/2024,4000.0,4800.0,4400.0
Tamil Nadu,Thiruvannamalai,Polur(Uzhavar Sandhai ),Tomato,Local,Local,13/04/2024,1500.0,2000.0,1750.0
Tamil Nadu,Thiruvannamalai,Tiruvannamalai(Uzhavar Sandhai ),Cauliflower,Ranchi,Local,26/12/2025,3500.0,4000.0,3750.0
Tamil Nadu,Thiruvannamalai,Tiruvannamalai(Uzhavar Sandhai ),Tomato,Deshi,Local,12/11/2024,1600.0,2000.0,1800.0
Tamil Nadu,Thiruvannamalai,Tiruvannamalai(Uzhavar Sandhai ),Cabbage,Cabbage,Local,21/08/2025,2500.0,3000.0,2750.0
Tamil Nadu,Tuticorin,Kovilpatti(Uzhavar Sandhai ),Green Chilli,Green Chilly,Local,09/09/2024,5000.0,5500.0,5250.0
Tamil Nadu,Vellore,Gudiyatham(Uzhavar Sandhai ),Carrot,Pusakesar,Local,17/09/2023,6600.0,7000.0,6800.0
Tamil Nadu,Vellore,Gudiyatham(Uzhavar Sandhai ),Cabbage,Cabbage,Local,13/03/2026,3000.0,3000.0,3000.0
Tamil Nadu,Vellore,Gudiyatham(Uzhavar Sandhai ),Onion Green,Onion Green,Local,17/11/2025,8000.0,8000.0,8000.0
Tamil Nadu,Vellore,Kahithapattarai(Uzhavar Sandhai ),Banana,Besrai,Local,31/07/2026,5000.0,6000.0,5500.0
Tamil Nadu,Villupuram,Villupuram(Uzhavar Sandhai ),Bhindi(Ladies Finger),Bhindi,Local,02/02/2023,4000.0,4000.0,4000.0
Tamil Nadu,Villupuram,Villupuram(Uzhavar Sandhai ),Banana - Green,Banana - Green,Local,27/01/2024,3000.0,3000.0,3000.0
Andhra Pradesh,Palnadu,Chilakaluripet APMC,Bengal Gram(Gram)(Whole),Other,Local,26/06/2024,5000.0,5800.0,5500.0
Haryana,Rewari,Rewari APMC,Apple,Apple,Medium,06/10/2025,4000.0,25000.0,15000.0
Haryana,Rewari,Rewari APMC,Potato,Other,Medium,25/02/2026,600.0,1500.0,1000.0
Punjab,Ludhiana,Ludhiana APMC,Onion,Other,FAQ,06/08/2024,1300.0,3500.0,2700.0
Punjab,Ludhiana,Ludhiana APMC,Carrot,Other,FAQ,21/08/2025,800.0,1400.0,1000.0
Punjab,Ludhiana,Ludhiana APMC,Tomato,Other,FAQ,12/01/2025,800.0,2500.0,1600.0
Odisha,Dhenkanal,Hindol APMC,Banana - Green,Other,Grade B,22/09/2025,2400.0,2600.0,2500.0
Odisha,Dhenkanal,Hindol APMC,Tomato,Tomato,Grade B,06/01/2024,2800.0,3000.0,2900.0
Andaman and Nicobar,North and Middle Andaman ,Diglipur Vegetable Market (Subhashgram),Banana - Green,Other,FAQ,20/05/2024,2000.0,4000.0,3000.0
Keralam,Kottayam,Pampady Market,Cauliflower,Cauliflower,FAQ,08/04/2025,4500.0,6500.0,5500.0
Andhra Pradesh,Dr.B.R.A.Konaseema,Alamuru APMC,Paddy(Common),Paddy,FAQ,16/09/2024,2369.0,2389.0,2369.0
Tamil Nadu,Thiruvannamalai,Cheyyar(Uzhavar Sandhai ),Green Chilli,Green Chilly,Local,26/05/2024,4800.0,6000.0,5400.0
Tamil Nadu,Thiruvannamalai,Cheyyar(Uzhavar Sandhai ),Onion Green,Onion Green,Local,06/07/2025,4000.0,5000.0,4500.0
Andhra Pradesh,Kakinada,Kakinada (Urban) APMC,Paddy(Common),Common,FAQ,06/06/2024,2369.0,2390.0,2375.0
Andhra Pradesh,SPSR Nellore,Gudur APMC,Paddy(Common),MTU-1010,Local,10/03/2025,2389.0,2480.0,2445.0
Tamil Nadu,Ariyalur,Ariyalur(Uzhavar Sandhai),Onion,Bellary,Local,28/02/2023,4000.0,4500.0,4250.0
Tamil Nadu,Ariyalur,Ariyalur(Uzhavar Sandhai),Brinjal,Round,Local,07/09/2023,4500.0,5000.0,4750.0
Tamil Nadu,Ariyalur,Ariyalur(Uzhavar Sandhai),Bhindi(Ladies Finger),Bhindi,Local,29/01/2024,3000.0,3500.0,3250.0
Tamil Nadu,Ariyalur,Ariyalur(Uzhavar Sandhai),Cabbage,Cabbage,Local,29/04/2023,4000.0,4500.0,4250.0
Andhra Pradesh,Palnadu,Rompicherla APMC,Maize,Hybrid/Local,FAQ,26/11/2025,2300.0,2400.0,2400.0
Odisha,Cuttack,Banki APMC,Bhindi(Ladies Finger),Bhindi,Medium,08/10/2023,4500.0,5500.0,5000.0
Andhra Pradesh,Bapatla,Repalli APMC,Paddy(Common),B P T,Local,02/11/2023,3200.0,3600.0,3400.0
Uttarakhand,Haridwar,Haridwar Union APMC,Onion,Other,Medium,06/02/2026,2500.0,4000.0,3000.0
Bihar,Siwan,Maharjganj APMC,Green Chilli,Green Chilly,FAQ,30/04/2024,4000.0,4000.0,4000.0
Bihar,Siwan,Maharjganj APMC,Onion,1st Sort,FAQ,09/12/2024,3200.0,3200.0,3200.0
Odisha,Boudh,Boudh APMC,Cabbage,Other,Local,17/03/2024,4000.0,5000.0,4500.0
Keralam,Alappuzha,Chengannur Market,Cabbage,Other,FAQ,27/03/2026,3900.0,4200.0,4000.0
Keralam,Alappuzha,Chengannur Market,Carrot,Other,FAQ,22/06/2023,6500.0,7300.0,7000.0
Tamil Nadu,Coimbatore,Sundarapuram(Uzhavar Sandhai ),Banana,Red Banana,Local,17/12/2024,7000.0,8000.0,7500.0
Tamil Nadu,Coimbatore,Sundarapuram(Uzhavar Sandhai ),Onion,Bellary,Local,16/01/2025,5000.0,5500.0,5250.0
Tamil Nadu,Coimbatore,Sundarapuram(Uzhavar Sandhai ),Green Chilli,Green Chilly,Local,05/08/2024,4500.0,5000.0,4750.0
Tamil Nadu,Coimbatore,Sundarapuram(Uzhavar Sandhai ),Cabbage,Cabbage,Local,23/10/2023,3000.0,3500.0,3250.0
Andhra Pradesh,Kakinada,Prattipadu APMC,Paddy(Common),1001,FAQ,13/02/2026,2369.0,2380.0,2379.0
Andhra Pradesh,West Godavari,Undi APMC,Paddy(Common),MTU-1001,Local,11/01/2025,2369.0,2369.0,2369.0
Andhra Pradesh,YSR Kadapa,Kamalapuram APMC,Paddy(Common),B P T,Local,23/05/2023,2550.0,2550.0,2550.0
Uttar Pradesh,Khiri (Lakhimpur),Maigalganj APMC,Carrot,Carrot,FAQ,21/01/2024,1300.0,1340.0,1320.0
Uttar Pradesh,Khiri (Lakhimpur),Maigalganj APMC,Cauliflower,Cauliflower,FAQ,05/06/2025,1480.0,1520.0,1500.0
Himachal Pradesh,Kangra,SMY Baijnath,Apple,Apple,Grade B,10/04/2025,6000.0,11000.0,8000.0
Himachal Pradesh,Kangra,SMY Baijnath,Onion,Onion,Grade A,14/06/2024,5000.0,5200.0,5200.0
Himachal Pradesh,Kangra,SMY Baijnath,Bhindi(Ladies Finger),Bhindi,Grade A,24/08/2023,2800.0,3300.0,3200.0
Himachal Pradesh,Kangra,SMY Baijnath,Cabbage,Cabbage,Grade A,27/10/2024,2500.0,2700.0,2600.0
Himachal Pradesh,Kangra,SMY Jaisinghpur,Potato,Potato,FAQ,20/09/2025,1200.0,2200.0,1600.0
Himachal Pradesh,Kangra,SMY Jaisinghpur,Banana,Medium,Medium,05/01/2025,5400.0,5600.0,5450.0
Himachal Pradesh,Kangra,SMY Jaisinghpur,Carrot,Carrot,FAQ,12/12/2023,3500.0,3600.0,3550.0
Tamil Nadu,Erode,Sathiyamagalam(Uzhavar Sandhai ),Onion,Bellary,Local,16/03/2025,4500.0,5000.0,4750.0
Tamil Nadu,Erode,Sathiyamagalam(Uzhavar Sandhai ),Carrot,Pusakesar,Local,17/11/2025,7500.0,8000.0,7750.0
Tamil Nadu,Coimbatore,Mettupalayam(Uzhavar Sandhai ),Cauliflower,Ranchi,Local,09/10/2025,4000.0,4500.0,4250.0
Tamil Nadu,Coimbatore,Mettupalayam(Uzhavar Sandhai ),Brinjal,Round,Local,21/11/2023,3000.0,3500.0,3250.0
Telangana,Hyderabad,RYTHU BAZAR MEHDIPATNAM,Cauliflower,Cauliflower,Grade A,16/06/2025,1800.0,1800.0,1800.0
Telangana,Hyderabad,RYTHU BAZAR MEHDIPATNAM,Green Chilli,Green Chilly,Grade A,13/03/2025,2800.0,2800.0,2800.0
Telangana,Hyderabad,RYTHU BAZAR MEHDIPATNAM,Carrot,Carrot,Grade A,18/01/2025,3500.0,3500.0,3500.0
Tamil Nadu,Ariyalur,Jeyankondam (Uzhavar Sandhai ),Onion,Bellary,Local,07/06/2024,4400.0,4800.0,4600.0
Andhra Pradesh,Visakhapatnam,Bhimunipatnam APMC,Paddy(Common),Samba Masuri,Local,23/04/2026,2369.0,2369.0,2369.0
Andhra Pradesh,Kakinada,Sampara (Kakinada Rural) APMC,Paddy(Common),Paddy Medium,FAQ,07/05/2026,2369.0,2389.0,2379.0
Tamil Nadu,Coimbatore,RSPuram(Uzhavar Sandhai ),Cauliflower,Ranchi,Local,19/04/2023,4000.0,4400.0,4200.0
Tamil Nadu,Coimbatore,Singanallur(Uzhavar Sandhai ),Banana,Karpura,Local,26/07/2023,8000.0,8500.0,8250.0
Tamil Nadu,Coimbatore,Singanallur(Uzhavar Sandhai ),Onion,Bellary,Local,12/01/2025,5000.0,5300.0,5150.0
Tamil Nadu,Coimbatore,Singanallur(Uzhavar Sandhai ),Tomato,Deshi,Local,30/03/2023,1600.0,1800.0,1700.0
Tamil Nadu,Coimbatore,Singanallur(Uzhavar Sandhai ),Bhindi(Ladies Finger),Bhindi,Local,08/12/2024,4000.0,4500.0,4250.0
Tamil Nadu,Coimbatore,Singanallur(Uzhavar Sandhai ),Carrot,Pusakesar,Local,15/10/2023,7000.0,7500.0,7250.0
Tamil Nadu,Coimbatore,Pollachi(Uzhavar Sandhai ),Tomato,Deshi,Local,10/08/2024,1500.0,1800.0,1650.0
Tamil Nadu,Coimbatore,Pollachi(Uzhavar Sandhai ),Carrot,Pusakesar,Local,16/11/2023,6500.0,7500.0,7000.0
Uttar Pradesh,Shamli,Kairana APMC,Apple,Other,Medium,01/02/2023,3400.0,3500.0,3450.0
Telangana,Ranga Reddy,"Vanasthalipuram,RBZ ",Tomato,Other,Grade A,21/05/2025,1300.0,1300.0,1300.0
Telangana,Ranga Reddy,"Vanasthalipuram,RBZ ",Green Chilli,Green Chilly,Grade A,28/02/2023,2800.0,2800.0,2800.0
Tamil Nadu,Karur,Karur(Uzhavar Sandhai ),Bhindi(Ladies Finger),Bhindi,Local,27/09/2024,4000.0,4500.0,4250.0
Tamil Nadu,Coimbatore,Kurichi(Uzhavar Sandhai ),Brinjal,Round,Local,23/06/2025,5200.0,5800.0,5500.0
Tamil Nadu,Coimbatore,Kurichi(Uzhavar Sandhai ),Tomato,Local,Local,12/02/2026,1600.0,1800.0,1700.0
Tamil Nadu,Cuddalore,Cuddalore(Uzhavar Sandhai ),Brinjal,Round,Local,30/01/2023,7000.0,8000.0,7500.0
Tamil Nadu,Cuddalore,Cuddalore(Uzhavar Sandhai ),Tomato,Deshi,Local,24/09/2023,2000.0,2000.0,2000.0
Tamil Nadu,Cuddalore,Cuddalore(Uzhavar Sandhai ),Green Chilli,Green Chilly,Local,06/06/2025,6000.0,6000.0,6000.0
Tamil Nadu,Chengalpattu,Thirukalukundram(Uzhavar Sandhai ),Brinjal,Other,Local,10/03/2024,3500.0,4000.0,3750.0
Tamil Nadu,Chengalpattu,Thirukalukundram(Uzhavar Sandhai ),Carrot,Pusakesar,Local,05/03/2025,6000.0,7000.0,6500.0
Bihar,Madhubani,Madhubani APMC,Tomato,Tomato,FAQ,22/05/2023,3800.0,4000.0,3900.0
Assam,Tinsukia,Tinsukia Market,Bhindi(Ladies Finger),Bhindi,FAQ,01/06/2025,3600.0,4000.0,3800.0
Tamil Nadu,Nagercoil (Kannyiakumari),Vadaseri APMC,Banana - Green,Banana - Green,Local,24/12/2023,7500.0,8000.0,7750.0
Tamil Nadu,Pudukkottai,Karambakkudi(Uzhavar Sandhai ),Banana,Poovan,Local,15/04/2026,4500.0,5000.0,4750.0
Tamil Nadu,Pudukkottai,Karambakkudi(Uzhavar Sandhai ),Green Chilli,Green Chilly,Local,01/03/2025,5000.0,6000.0,5500.0
Tamil Nadu,Pudukkottai,Karambakkudi(Uzhavar Sandhai ),Banana - Green,Banana - Green,Local,03/06/2026,2500.0,3000.0,2750.0
Tamil Nadu,Vellore,Thirupathur APMC,Onion,Bellary,Local,28/07/2023,5000.0,5000.0,5000.0
Tamil Nadu,Vellore,Thirupathur APMC,Carrot,Pusakesar,Local,16/12/2025,7000.0,7000.0,7000.0
Tamil Nadu,Vellore,Vellore APMC,Green Chilli,Green Chilly,Local,28/02/2026,4500.0,4500.0,4500.0
Bihar,East Champaran/ Motihari,Chakia APMC,Bhindi(Ladies Finger),Bhindi,Grade A,05/09/2024,600.0,800.0,700.0
Bihar,East Champaran/ Motihari,Chakia APMC,Brinjal,Arkasheela Mattigulla,Grade A,17/03/2024,1800.0,2000.0,1900.0
Tamil Nadu,Dharmapuri,Harur(Uzhavar Sandhai ),Potato,Red Nanital,Local,18/06/2024,2500.0,3000.0,2750.0
Tamil Nadu,Dharmapuri,Harur(Uzhavar Sandhai ),Carrot,Pusakesar,Local,25/02/2025,7000.0,8000.0,7500.0
Tamil Nadu,Krishnagiri,Kaveripattinam(Uzhavar Sandhai ),Banana,Besrai,Local,24/04/2025,4000.0,7000.0,5500.0
Himachal Pradesh,Kangra,SMY Palampur,Banana,Other,Medium,06/11/2023,5200.0,5500.0,5400.0
Gujarat,Ahmedabad,Sanad APMC,Paddy(Common),Other,FAQ,20/03/2026,2376.0,2376.0,2376.0
Punjab,Tarntaran,Patti APMC,Tomato,Other,Local,16/09/2025,0.35,0.35,0.35
Punjab,Tarntaran,Patti APMC,Green Chilli,Other,Local,22/04/2026,0.38,0.38,0.38
Punjab,Tarntaran,Patti APMC,Brinjal,Other,Local,02/01/2026,0.4,0.4,0.4
Punjab,Tarntaran,Patti APMC,Onion,Other,Local,01/02/2024,0.4,0.4,0.4
Punjab,Mohali,Lalru APMC,Tomato,Deshi,Local,28/03/2024,1000.0,1000.0,1000.0
Punjab,Mohali,Lalru APMC,Onion,Other,Local,30/03/2026,4600.0,4600.0,4600.0
Andhra Pradesh,Palnadu,Vinukonda APMC,Paddy(Common),Paddy,FAQ,27/04/2023,2250.0,2400.0,2300.0
Haryana,Hissar,Hansi APMC,Brinjal,Other,FAQ,01/08/2024,1500.0,2000.0,1750.0
Haryana,Hissar,Hansi APMC,Bhindi(Ladies Finger),Other,FAQ,30/10/2025,2500.0,3000.0,2750.0
Haryana,Hissar,Hansi APMC,Potato,Other,FAQ,03/03/2024,1000.0,4000.0,1000.0
Punjab,Amritsar,Rayya APMC,Bhindi(Ladies Finger),Bhindi,FAQ,19/08/2024,699.0,699.0,699.0
Punjab,Amritsar,Rayya APMC,Green Chilli,Green Chilly,FAQ,30/05/2025,1100.0,1100.0,1100.0
Punjab,Amritsar,Rayya APMC,Onion,Other,FAQ,28/05/2025,1420.0,1420.0,1420.0
Punjab,Amritsar,Rayya APMC,Tomato,Other,FAQ,20/02/2024,705.0,705.0,705.0
